,session,image_name,count,control_count,score
0,uq_1,777e7950-d769-41cb-b4a8-09f420f5940a.png,32,32,0.5478897178545594
1,uq_1,b2f203c7-44d4-41c8-9519-f5982046c26c.png,5,5,0.16605596542358397
2,uq_1,3735a424-10a9-4a49-a717-4bab18044c91.png,40,40,0.54876746945
3,uq_1,2c866000-67f7-40fe-9fc1-4847f0b0bab5.png,31,31,0.5776147056491144
4,uq_1,b11280c6-014e-4f6a-a807-9b9098d146a3.png,30,30,0.5350940970083078
5,uq_1,0ad00024-7a7d-4891-9557-53bcc9430273.png,113,113,0.5516172098902474
6,uq_1,0ed74b2d-1c03-4aac-aaec-6b79f12fa816.png,43,43,0.49418098964663437
7,uq_1,101b9c1a-f09c-458b-8d82-f09ff2e9c000.png,24,24,0.4933257807667057
8,uq_1,12be86a6-b602-4a3b-b354-259c4e5855cb.png,0,1,0.4933257807667057
9,uq_1,0417af10-8dfd-495b-8878-d36b1327366d.png,48,48,0.5234516778339943
10,uq_1,063b1190-8045-4b6b-ae85-731475d82ca0.png,127,127,0.5414675027718694
11,uq_1,09b78985-f9eb-48ff-a37e-3cd6c824375a.png,32,32,0.5616830065846443
12,uq_1,05ef37c9-e9d7-4142-bd66-4ed62db9016a.png,39,39,0.5537766886827273
13,uq_1,1b297498-1223-4ab0-bcd3-22df25a16e67.png,21,21,0.4485621615534737
14,uq_1,1218caa9-0af9-4d7d-9c47-ce0e51c210d9.png,30,30,0.49923378974199295
15,uq_1,12a9e64f-52b4-418e-a8dd-5baa86806b97.png,48,48,0.6108241882175207
16,uq_1,1ce50ab8-aaf3-42cd-92fa-43334a43e8ac.png,30,30,0.4939982955654462
17,uq_1,166bf85c-1171-4959-8719-fddb4f8f41b0.png,100,100,0.5595103438943625
18,uq_1,2c70363b-8d0f-45ca-9b40-a21dd159f5fa.png,118,118,0.4809478460732153
19,uq_1,22194cea-f9e0-4ad5-8579-cde8c2264828.png,115,115,0.5273457376723705
20,uq_1,2057b86d-aae1-4db3-828a-fc1458b6ef2e.png,36,36,0.5035473466333416
21,uq_1,34502f71-8c9e-4811-9ff8-306a124e09d7.png,27,27,0.596647529690354
22,uq_1,37dca9c0-fecc-446c-a4e1-cc0d5d058a9a.png,54,54,0.6044512691873091
23,uq_1,3520956b-486a-433a-b3bf-451e940fe4a1.png,3,3,0.17900690933068594
24,uq_1,2ef60cc9-c4f3-4d60-be29-92b06611e88d.png,40,40,0.525490241870284
25,uq_1,338539df-f6ce-407b-b0fe-d370e5f1ae7b.png,28,28,0.5526585775826659
26,uq_1,38af3f4a-c9c8-4706-ad88-c9b71623502d.png,11,11,0.5397517681121826
27,uq_1,4037bd81-c57d-4173-9565-ee741eb94790.png,12,12,0.4888818971812725
28,uq_1,4c5e6c70-fe4c-4b01-9a0b-36aeff8ce316.png,99,99,0.564294398959839
29,uq_1,4ef1cc16-6876-4109-9e7b-376cb2485a07.png,131,131,0.5551068013860979
30,uq_1,50db90b6-4178-4423-8ebe-6a170ff027e1.png,29,29,0.4284794710833451
31,uq_1,54691d6b-1358-4a8f-a095-11fccd83f33d.png,36,36,0.5202079700926939
32,uq_1,67b65815-566c-4412-b85e-e2a1ebed3520.png,21,21,0.5403928522552762
33,uq_1,6a2cbdfb-8b5d-4e2a-8d67-7db85239d679.png,36,36,0.3865400275422467
34,uq_1,6c6a8f43-5791-4afa-83d8-ec9e9cfab435.png,10,10,0.4531304925680161
35,uq_1,6ea7de9f-17ad-4a45-bf52-c67908f0edd2.png,40,40,0.5473126959055662
36,uq_1,78144892-8c59-41cf-9cd8-ef3b5dfeac0e.png,75,75,0.4774157797296842
37,uq_1,7e1004af-9f85-4a94-a5d1-f9bee39cbd90.png,48,48,0.55073446125
38,uq_1,7e6d792d-a47c-4173-8aaf-cb0d3de22663.png,112,112,0.5084972665645182
39,uq_1,80848d8d-4ce0-472f-bbe3-817c21ba21b0.png,3,3,0.18846427152554193
40,uq_1,89d3ee41-074c-4eca-b12f-04cb55c956f4.png,35,35,0.6084527475493294
41,uq_1,8d34063d-c5e5-40c4-b803-f75f91f0bb4d.png,69,69,0.5993695159753164
42,uq_1,93313ec9-e7d3-4951-ae7d-436cf2f1e06d.png,29,29,0.5837053975154614
43,uq_1,947c60d2-0322-4ac3-b082-b2f7084573df.png,8,8,0.5885010547935963
44,uq_1,95c831c1-0ab4-422c-af6f-5ef9712c78e1.png,14,14,0.45713006811482565
45,uq_1,a0b44974-c6fc-457c-9d8e-b06fbd7e4b87.png,31,31,0.6497974126569687
46,uq_1,a9de8ed2-20f6-4216-884e-0ccbb3d47302.png,98,98,0.4737337813237492
47,uq_1,b0b37b5a-74da-4889-b4ba-2230718df574.png,42,42,0.42896290123462677
48,uq_1,b29a3a16-4d3c-47ac-a6dc-89094b5a7c94.png,2,2,0.17818250507116318
49,uq_1,b8c54e86-5190-4614-8a1c-60375db374d7.png,32,32,0.5273508289828897
50,uq_1,b997bbf9-94d9-421e-bcbb-8f9b9327b03d.png,16,16,0.5384008446708322
51,uq_1,c338acf2-5bd0-4eba-bd53-cdc9f37b0e6b.png,36,36,0.3767053915394677
52,uq_1,c4d37240-867b-4f09-ae5a-d5c231f6acba.png,122,122,0.5142266534513138
53,uq_1,c8038779-f2d7-4f92-8403-4383fd18e008.png,23,23,0.6667889823084292
54,uq_1,ca0d2eb1-117f-4f0b-b2ca-4fdd08e82416.png,39,39,0.5799945401839721
55,uq_1,d1df2776-2a0c-476f-8c40-7a4a67ba6041.png,20,20,0.5627052187919617
56,uq_1,df482b8e-9aff-43ae-a909-3afc87c0c4b0.png,95,95,0.5479471494492731
57,uq_1,dfd2d3fe-b364-4f7c-800b-d1a5aa3f8df9.png,3,3,0.1816222071647644
58,uq_1,e05b33ca-91c4-4b17-9b4f-65cbf3fb6d5e.png,29,29,0.46107358254235364
59,uq_1,e5b4677a-8cb5-4064-acc6-955943112f6a.png,34,34,0.4542541315450388
60,uq_1,eb5a8d71-b96d-436b-8af9-38d8572fbc83.png,33,33,0.5059012820323309
61,uq_1,f0477464-9d15-45f6-876e-c1d92e08c270.png,97,97,0.5772822682851368
62,uq_1,fa464bf3-055b-4e69-b02f-948b7313c82d.png,5,5,0.1993039458990097
63,uq_1,fbe7f6b4-1e75-43d1-b09c-e0f59c2a53bf.png,103,103,0.5353440710352463
64,uq_1,d5fa54da-80cb-41e9-8b07-e03394921356.png,2,2,0.20388263463974
65,uq_1,4876905e-5950-43b9-a9a2-877cca659fc5.png,10,10,0.6120846346020699
66,uq_1,dc844265-8652-4548-b38c-45384fcf985d.png,3,3,0.18192855517069498
67,uq_1,c9d06028-646c-4792-8047-cbc8e0b3f6e2.png,37,37,0.3559688670006958
68,uq_1,baf2edc1-b9b2-4623-b008-acfa1039ef11.png,0,1,0.3559688670006958
69,uq_1,712a3869-5f0e-4fe5-9f0c-84554412c2ae.png,16,16,0.5008159223943949
70,uq_1,35dcf0b0-2a6d-4da2-84f7-421605e8d871.png,27,27,0.4084647863551422
71,uq_1,791542c0-2a8c-4ead-8860-c13928d25378.png,2,2,0.523529902100563
72,uq_1,9f923d52-2c9d-4b0e-b227-aa8473169431.png,21,21,0.4182647615671158
73,uq_1,86a1a395-dc65-4cd9-924e-c8592c29d5f9.png,29,29,0.5331490240220366
74,uq_1,a59681ac-0fad-43f1-8e55-2b8b09901ed4.png,38,38,0.39754870122200564
75,uq_1,a650b813-79bf-4f85-8b11-0c380955a01f.png,25,25,0.4951134788990021
76,uq_1,328d3cc8-e61f-44c2-8b5f-1a5461a0f4ed.png,26,26,0.461883236009341
77,uq_1,0d3e9189-41b9-4cf0-bad4-9a54c7e9f4c0.png,32,32,0.4567888039164245
78,uq_1,f5e8c630-ca43-4662-ab62-f579d8dc4add.png,2,2,0.17676198482513428
79,uq_1,ee4a44c5-cd07-4edd-9075-f8e7481a043b.png,47,47,0.5202155549158441
80,uq_1,e11b813e-50cc-4bcc-b85b-5c5951cf3bbf.png,3,3,0.13998629649480185
81,uq_1,b236c2fe-2561-45dd-8178-9e74dbc161ea.png,44,44,0.59077313169837
82,uq_1,8a8d73b7-fac0-4e56-9b4d-5bceb02c0d66.png,39,39,0.4482403630629564
83,uq_1,8724849d-46cd-4365-8b58-30835079bbba.png,32,32,0.5205594966875
84,uq_1,86cda47a-aa05-4b2a-bfe1-4948bd7e3a6c.png,29,29,0.4743929638944823
85,uq_1,294bec0d-9dae-4a49-9b03-be35318bac1c.png,50,50,0.5235847470164299
86,uq_1,4a36cc5b-6326-412d-be73-f8475f612655.png,41,41,0.5219689127875538
87,uq_1,182d0035-47a2-4b26-ac2c-ea80e71786b0.png,59,59,0.5296083106580427
88,uq_1,bfde3dc3-47fe-40a2-9304-0b030567053a.png,98,98,0.5442739005903808
89,uq_1,5bdeade0-9a72-4f4b-892e-e926aad82dec.png,109,109,0.484078819120149
90,uq_1,693f02a0-3666-4e1e-bc4f-1ddb2cda5ab2.png,133,133,0.5384120904189303
91,uq_1,27006610-f715-4988-b2e6-23b780ce1ef9.png,18,18,0.596976256204976
92,uq_1,e36bbbae-6096-484b-a687-370ec1f89c2e.png,137,137,0.4771944079303393
93,uq_1,34dec463-cd82-49c0-849d-740c28d9ce42.png,46,46,0.5139331302565077
94,uq_1,eaec4291-6614-4a6a-bae1-edeac5400190.png,62,62,0.5441320354659711
95,uq_1,bec23764-9179-49a4-82b6-329bcfd77d31.png,32,32,0.5107783344574273
96,uq_1,1cb18d41-b09d-419d-bf05-11283fd8d546.png,122,122,0.5778289607069531
97,uq_1,9d6adba8-9384-49db-8855-721c3d466c34.png,100,100,0.5689310519397259
98,uq_1,2d69932a-ed64-420a-9801-8bfa1a7b29e5.png,47,47,0.5937729883701244
99,uq_1,1888ab39-a301-4b22-942c-dad8a679c789.png,61,61,0.6243637270126187
100,uq_1,140e8316-5171-40eb-8ed5-caa2e8f35bb3.png,3,3,0.29295778771241504
101,uq_1,9d1d870d-af0f-4f88-a58f-ee8efd814017.png,72,72,0.5483423852258258
102,uq_1,b875fd3f-0ccc-4406-9c1b-5fbdf86a57bd.png,105,105,0.5141134146423567
103,uq_1,90f3a6c5-dfd5-4229-9049-825f640a05e7.png,42,42,0.6850757464056924
104,uq_1,bd92082e-15a8-4d2a-bf78-06e80aa92add.png,8,8,0.19381277170032263
105,uq_1,db3d32bc-fe2a-4dbb-8f30-e4c953a09f48.png,124,124,0.5168522296533469
106,uq_1,4b778dee-096c-4e7c-b996-86323acba8d3.png,43,43,0.5392906048963236
107,uq_1,29a5f0cc-d4ae-4567-9230-3a136f4ab016.png,117,117,0.5235263638389416
108,uq_1,d1eacd06-31fc-41db-9f27-36dd99e1af72.png,23,23,0.5335495828286462
109,uq_1,48a90895-c3ba-4a24-8495-b68c443548b8.png,19,19,0.6600068525264138
110,uq_1,64a394e7-c0c9-40df-a0be-266d7df4e080.png,26,26,0.6627543981258686
111,uq_1,2b7e5066-9de5-442a-9630-d3f1f9f54e4f.png,41,41,0.5193320714482447
112,uq_1,bd745fb1-fcb9-43cc-bf8d-f4511c4ebdcd.png,40,40,0.4391245860606432
113,uq_1,b9cef4eb-d1e8-405c-9e04-c4def4f0c295.png,39,39,0.525983194510142
114,uq_1,a9f4879f-627d-4a3f-830b-c171c8d8828b.png,20,20,0.5684950724244118
115,uq_1,98c502e1-87eb-4910-a084-f44979471797.png,4,4,0.16980111598968506
116,uq_1,7c3890cd-aadc-4d99-bbd3-0f65388fa8f6.png,4,4,0.19928435000000003
117,uq_1,4ce64231-b10f-446c-b6c0-e91348d03307.png,39,39,0.555094164915574
118,uq_1,d2fffd14-3b6c-4a32-91fd-ed9a4ec9e4d0.png,25,25,0.4562266343832016
119,uq_1,27b7fb9e-8389-4991-bb7a-14797d62ea8e.png,5,5,0.20659049451351166
120,uq_1,1b3e5396-f009-45b9-b126-6c370f64d3af.png,118,118,0.5524142239305933
121,uq_1,bae13c57-94fd-4431-bac5-96b9ed4959ba.png,35,35,0.587184539437294
122,uq_1,91cf00ac-f25f-413b-b637-c88a96fe9cd6.png,41,41,0.6085431103299304
123,uq_1,3ba4ff0c-c21d-416e-a5ca-591e71e28e04.png,53,53,0.6797134970437806
124,uq_1,55427676-790b-4af9-aa39-a17ac1b14129.png,88,88,0.5848619239404798
125,uq_1,9d0f493e-f7ae-413e-b060-172cae58c94b.png,7,7,0.16692743450403214
126,uq_1,52efca35-5792-4951-80b8-93660fda89a0.png,33,33,0.44635402298334875
127,uq_1,a418445b-1738-4520-a20f-f6c3ff60651c.png,103,103,0.550212212991946
128,uq_1,f830ac03-6a3b-4aae-bd55-8b21db8ba6ad.png,18,18,0.5225209908352958
129,uq_1,f749f2bd-be4c-47b1-89b5-6daf7e2829be.png,90,90,0.4815785119103061
130,uq_1,f42b9536-0757-41c9-af03-5dffe1c244aa.png,0,1,0.4815785119103061
131,uq_1,b5742c3b-5bfd-4bd7-9db5-3c5cc7059e39.png,38,38,0.5823124251083324
132,uq_1,150ef8b7-f5bd-4994-920c-f695e5561ebc.png,31,31,0.6119928710883663
133,uq_1,1f1b38ee-5d86-4a92-ad19-258e6cccb6af.png,101,101,0.5305513908514882
134,utokyo_2,d1b0a6c9-7688-4765-b6d8-1f6f58a80a67.png,24,24,0.48904704861342907
135,utokyo_2,7d109e5a-900b-4a7a-9df1-298448052cfc.png,25,25,0.7700802654027938
136,utokyo_2,60c4b2ea-3c16-45cb-8869-948dc9bfa82c.png,16,16,0.5405295630916953
137,utokyo_2,29c812c2-41bd-4351-8909-2f115f0f128e.png,42,42,0.6530219371474925
138,utokyo_2,0681e4f2-099f-4f90-9731-5e8d60b08141.png,9,9,0.47398342688878375
139,utokyo_2,0c5a514a-8523-4ee1-8d57-1981438d6cf8.png,58,58,0.7139708604021319
140,utokyo_2,039ec2ff-69e1-48d1-b31b-44ee50edd452.png,33,33,0.6971779086373069
141,utokyo_2,05fbbf77-606c-4008-9018-9cb7468ce4c8.png,5,5,0.38292941399999997
142,utokyo_2,ad46fcb9-4dff-4cbd-bef9-b57003a6829c.png,23,23,0.7204808625190154
143,utokyo_2,04f0ab33-e253-4e09-8385-f3ec22a82f20.png,34,34,0.4621592256076196
144,utokyo_2,02338cad-99ab-4006-8aae-ab3a89728156.png,8,8,0.2656153682619333
145,utokyo_2,dae224f2-fe03-475e-9341-95186ff5053d.png,45,45,0.7608692857954237
146,utokyo_2,6a9ceeaa-3bda-443c-bb9d-ebfd3c4ce0aa.png,5,5,0.2851016893982887
147,utokyo_2,319948fa-c619-4254-a64b-db559453fa54.png,28,28,0.7435970681586436
148,utokyo_2,b96720a2-5e10-47bf-8c2d-f43b62f15a31.png,27,27,0.4089217373618373
149,utokyo_2,e5e8b707-2965-4b7c-a643-6932bd903b1f.png,19,19,0.7691193430831558
150,utokyo_2,a1a427b0-47f7-4f4e-a51b-62ba44506609.png,7,7,0.3484063020774296
151,utokyo_2,0c394e4d-d0bf-42fe-98ca-983665fbfe84.png,23,23,0.6202570799252262
152,utokyo_2,0ed7acaf-9766-4dc6-b972-0db2dd859e7b.png,3,3,0.17101542900005975
153,utokyo_2,03c8888a-acd6-4ab9-8321-c8813111e556.png,23,23,0.7540602272619372
154,utokyo_2,1187524f-6cf1-43b9-8807-5e7d7b00b2f4.png,11,11,0.5665318830446764
155,utokyo_2,25842aa6-ac22-4cf9-93cf-96a59da8b923.png,36,36,0.7528583361870713
156,utokyo_2,143ad1ee-1728-4154-aeae-14d10bc04c2c.png,28,28,0.5445648000708648
157,utokyo_2,ca995ef2-9ca2-4c26-94a0-af3d88c52e42.png,7,7,0.419174639242036
158,utokyo_2,d2a661db-22d5-46e7-8e23-79a8ea1251ac.png,55,55,0.6942859932780265
159,utokyo_2,60e3c144-1687-4883-b256-e4080c1258aa.png,59,59,0.6784674526523735
160,utokyo_2,4e31c882-e389-4386-9275-5e6b095553d6.png,44,44,0.7510214693181821
161,utokyo_2,46e84230-fd43-4467-8a71-93606890a7d8.png,59,59,0.3510903029118554
162,utokyo_2,20835c33-b7a1-4f4b-8e63-de546d5fbfd1.png,32,32,0.739283443428576
163,utokyo_2,16060679-44eb-41d0-a615-2bf1dca7265b.png,36,36,0.7909741848707199
164,utokyo_2,039c3dc5-98c5-4fc7-9833-fe22c3a39578.png,24,24,0.6337289769823352
165,utokyo_2,080301b7-e8a6-434f-a692-9650d4165ab5.png,5,5,0.17385178953409194
166,utokyo_2,0841fbb5-b873-4f59-81d5-68018f7e5e42.png,12,12,0.4377770908176899
167,utokyo_2,1504b000-4c1f-42be-84b7-8467e91889bf.png,78,78,0.4516652369728455
168,utokyo_2,1639500a-07e7-4b06-a5fe-b48eb7efe900.png,21,21,0.7413465061358043
169,utokyo_2,1eab44fd-be80-4d06-81df-fb9f5ec79c08.png,8,8,0.34894742257893085
170,utokyo_2,215b5f10-3006-4dca-8c4d-c17788edf154.png,36,36,0.7450596110688316
171,utokyo_2,24ca81e3-edad-4baa-912e-d591f93ed1c8.png,2,2,0.26160284876823425
172,utokyo_2,26ba8a99-89a4-496a-8bf4-ac96c2c767b6.png,11,11,0.3516916910355741
173,utokyo_2,2f606660-084e-4ca7-8b2b-975bebf640df.png,37,37,0.5693825475675676
174,utokyo_2,309b9fb7-aab8-4b22-991a-31e23ca49dde.png,42,42,0.7193797525195849
175,utokyo_2,379e9b9f-85f1-4e41-94e7-47cc87ddf2fe.png,35,35,0.6909937569073268
176,utokyo_2,3ba30911-175f-49c8-a8f3-838f02eaf1b6.png,2,2,0.1593228206038475
177,utokyo_2,4dbb04ac-5669-4f2a-b54b-14376379c43a.png,32,32,0.6658784607425332
178,utokyo_2,52f93a8c-f45f-4451-9d19-3c97b6c903d9.png,19,19,0.7733878273712961
179,utokyo_2,5ac8d027-b5b0-4255-9973-a954ffda71fe.png,0,1,0.7733878273712961
180,utokyo_2,5cfe6223-829b-4525-bb2c-aeb20c7fb72b.png,5,5,0.2691144600510597
181,utokyo_2,5f5f1a60-79f4-45bd-a387-bdf6cf737494.png,10,10,0.4201999232172966
182,utokyo_2,615aa5ee-161e-48d1-8895-af9f3d865531.png,19,19,0.5868941988599928
183,utokyo_2,664c7121-cf2d-43db-be95-643c6e81dbee.png,18,18,0.5066641122102737
184,utokyo_2,66ff7ac7-2381-48d5-8333-b9ff01fc4955.png,35,35,0.6119469868285315
185,utokyo_2,78a51edc-be15-409d-a96a-1308fb9ac7a5.png,97,97,0.3691012247936013
186,utokyo_2,78eabc53-5b60-4387-947f-8a303614fece.png,30,30,0.8131208250919978
187,utokyo_2,7fa9dd00-ecc5-4c1e-931a-dad4673ba887.png,8,8,0.5109522491693497
188,utokyo_2,804c7ae7-9e7b-4e53-9f7a-aab548390cd6.png,17,17,0.73200221
189,utokyo_2,86c942de-960b-4122-b53f-02636804b970.png,46,46,0.5821260845531588
190,utokyo_2,8768cd6d-960f-4614-bc9c-bfb3d83603b5.png,26,26,0.7945285450953704
191,utokyo_2,87b3eb5a-2de7-4740-a82c-8897c577db84.png,18,18,0.5701946591337522
192,utokyo_2,89f228ea-ff6d-4262-98bc-f13a82238bf8.png,61,61,0.4523718708851298
193,utokyo_2,8ba169ec-4067-465b-a2ad-63e9da4380ef.png,12,12,0.5342000809808573
194,utokyo_2,9071bc9b-676d-4222-b994-3bb3f19470a8.png,31,31,0.837688404225534
195,utokyo_2,90e373eb-de34-45f8-b414-b7a10202522e.png,23,23,0.8619279867928961
196,utokyo_2,9528ad5b-5c0e-4225-b86f-ce3e329e82f3.png,27,27,0.7315299831054829
197,utokyo_2,9a79f859-5974-4d90-b27f-c2f5b4a79ee0.png,33,33,0.6961918473243713
198,utokyo_2,9bd77d6a-7362-4d57-b77e-9cd9791b32f4.png,3,3,0.14281371235847473
199,utokyo_2,ac96070c-70f4-4929-b77a-fe4ed9b2f0d1.png,35,35,0.591293779867036
200,utokyo_2,b0e56a9c-7d8e-4e05-ba29-00e790a968a6.png,8,8,0.6369692662499999
201,utokyo_2,b20f87db-997b-4cad-995b-050f3f1d993b.png,49,49,0.700001167703648
202,utokyo_2,b4165a33-3c79-4524-a490-6ffaa808eca9.png,17,17,0.3785868107396014
203,utokyo_2,b65276e1-0ed5-4695-8796-f5995e66b030.png,24,24,0.7272934137533108
204,utokyo_2,b78588c8-1b3a-400b-976c-9f726309343a.png,37,37,0.6135828354068704
205,utokyo_2,baee8c1e-8e05-4315-aa04-02eb0da35830.png,48,48,0.703727301210165
206,utokyo_2,bbdd58ee-def5-4de8-8393-37c3054f29be.png,4,4,0.2444675751030445
207,utokyo_2,be4ec2e4-1d00-4615-abb2-9a17a0954b89.png,53,53,0.6000659956403498
208,utokyo_2,bff86c05-41a0-4860-aa12-05534a6c9aac.png,42,42,0.7115760605250087
209,utokyo_2,c5c3e61d-d1a3-44e8-b0b5-ef7db082147e.png,32,32,0.7144095273688436
210,utokyo_2,c9f033e3-a7f8-4596-99c0-cd3ea59df84e.png,5,5,0.2594797074794769
211,utokyo_2,d0ab2487-c879-440f-908e-b41e9ae0e5c8.png,36,36,0.7820880100544956
212,utokyo_2,d6b90503-f822-468e-a1f8-66adb994b10c.png,2,2,0.29856058955192566
213,utokyo_2,d7c030aa-f952-44e0-a29c-45c535492352.png,11,11,0.6008394387635317
214,utokyo_2,dad4632d-660a-4e13-92f3-555a7880446e.png,15,15,0.7602047950029374
215,utokyo_2,e031dae3-b68e-4940-8f68-35465f72344d.png,10,10,0.4447859086096287
216,utokyo_2,e60c2569-8258-4d30-a705-ada8e47c069b.png,47,47,0.7032223229712629
217,utokyo_2,e7b44e98-998f-49f7-8347-aa1966144a91.png,10,10,0.331143519282341
218,utokyo_2,f2686a6f-374f-49aa-962e-8b02b39fecc8.png,38,38,0.7133510367650735
219,utokyo_2,f4352ec5-ef09-47db-8c40-9510a9021b6c.png,44,44,0.7120186402039095
220,utokyo_2,f9cf6b2b-5928-4a86-9ecc-ef4193ec57ab.png,4,4,0.3355225659906864
221,utokyo_2,fb34464c-7f8b-4f0b-bc94-83bcdb6a5067.png,19,19,0.4287086513481642
222,utokyo_2,fcce3dda-4b46-446f-821a-74de26863e77.png,5,5,0.28717235922813417
223,utokyo_2,fe7fdd52-23cb-4afe-a442-59f0bb490f80.png,52,52,0.737351231276989
224,utokyo_2,3b322db3-9b1a-4c1d-b8a9-267ce5348697.png,13,13,0.407221278318992
225,utokyo_2,b038c2d2-882f-4e31-979f-cf85d890b158.png,41,41,0.5542255163919635
226,utokyo_2,0c4162ba-41d0-474f-bd2f-a7f5a385898f.png,44,44,0.3023056033998728
227,utokyo_2,a183b6c4-5966-4674-8527-511128625dd1.png,15,15,0.4544074714183807
228,utokyo_2,7495b65a-f140-4449-95b6-157af74fee1c.png,26,26,0.70614137672461
229,utokyo_2,91a6d7bb-9bc2-493e-8e18-56dd847e8447.png,2,2,0.2639833018183708
230,utokyo_2,6cd32834-6e75-4905-b55f-0076cbdbd9f7.png,32,32,0.7435675081796944
231,utokyo_2,432a4ffd-6894-4ad2-86c4-99fd672d6636.png,39,39,0.5738541140769231
232,utokyo_2,1655f1d5-7282-4580-ba6c-b035ca375199.png,23,23,0.666437629448331
233,utokyo_2,663cbd02-65c8-49f5-b1a6-78698f9592bf.png,2,2,0.156186543405056
234,utokyo_2,b9a2deda-33d9-4351-9185-cedb5c99d2da.png,9,9,0.61317906777064
235,utokyo_2,98d061e4-3077-42c2-ac6e-b17165ed1a2f.png,45,45,0.49273233628935287
236,utokyo_2,81dd03ce-c7de-4193-9c64-5695e4054eef.png,8,8,0.4709337241947651
237,utokyo_2,8e9ad682-bc34-401c-b35c-4af81c6b1167.png,27,27,0.7004134928186735
238,utokyo_2,a854d7f1-a534-4c76-a87f-44951f6cd320.png,23,23,0.6259426448656165
239,utokyo_2,c1222529-a0fe-4d1d-b7f0-b1fd2c9b81c8.png,37,37,0.749530852646441
240,utokyo_2,2ccf7eac-2359-4820-80db-24ba973ddc7b.png,37,37,0.6871777271499505
241,utokyo_2,750201b1-c482-44e8-b45f-3084e8ec92c1.png,32,32,0.7169878394342959
242,utokyo_2,e1811487-d1b3-41ff-80d2-afc824378fa9.png,4,4,0.31748837418854237
243,utokyo_2,7e4ef014-3656-4ae2-89da-6ecf2242ab9e.png,85,85,0.6668385563878452
244,utokyo_2,6a4654a8-9f84-4045-b58b-58801da231fc.png,21,21,0.6852609781282288
245,utokyo_2,3d146a77-8a04-471c-93db-8f9746fcfebe.png,27,27,0.5865639859327564
246,utokyo_2,33fd660f-506d-4e2b-b295-a412db48f78f.png,55,55,0.2919910662553527
247,utokyo_2,147ce169-029f-4a97-93d3-d7af3cb14c3f.png,15,15,0.8241330683231354
248,utokyo_2,11adc783-e572-4563-a640-8ac6c19fb2c6.png,25,25,0.7545877450704574
249,utokyo_2,0d303bc0-9473-4251-b998-2d120c28d162.png,4,4,0.38250486738979816
250,utokyo_1,c0fd2fb7-0853-4610-928b-1ae8bbffc650.png,23,23,0.880640860484994
251,utokyo_1,7d1913da-6aab-47fd-8d57-3a2c77cd1d01.png,36,36,0.9302818518545892
252,utokyo_1,912dcd37-6893-4204-9634-580a35b10b8a.png,22,22,0.9376530728556893
253,utokyo_1,7190b132-6be1-4230-b49d-543c43b49f9a.png,18,18,0.8803769797086716
254,utokyo_1,256c0bbe-3d90-4ce5-8cb7-ab8b901c6db2.png,28,28,0.9340942118849073
255,utokyo_1,cdfd2e0b-ccf1-406e-b4ce-5b3e3b4cc453.png,20,20,0.8871706046164036
256,utokyo_1,4a39e46a-473e-440f-8528-d9bf9f03acc1.png,28,28,0.826361278870276
257,utokyo_1,547f4920-f676-4e21-b999-14dc43f39240.png,20,20,0.8856351338326931
258,utokyo_1,1a51814e-994f-40b0-bb46-696c661f32b1.png,24,24,0.921134085704883
259,utokyo_1,b8d036d5-d64b-4d26-9d22-85aa0ef88484.png,34,34,0.8918966831529842
260,utokyo_1,04993aad-4c61-4993-930b-5ce80836e790.png,35,35,0.9124195622546333
261,utokyo_1,58a32377-3728-42ac-94c8-7c5e1c7b3176.png,28,28,0.9121193284434932
262,utokyo_1,6fdaf7d5-4355-4328-b4da-ca841bd108a5.png,28,28,0.8956402034631797
263,utokyo_1,30863713-e33e-4216-a31d-c8154a2f467c.png,39,39,0.6789125815384616
264,utokyo_1,817ce695-19ba-4f22-baf9-17a0593bd7ba.png,28,28,0.9365982759211745
265,utokyo_1,7b98a273-2f68-4149-a85e-14172a0dc918.png,28,28,0.9353979347007615
266,utokyo_1,71202f2a-c2c6-43af-8e28-b9ca1201ebbf.png,25,25,0.7473347046971321
267,utokyo_1,3d1cd089-6948-4594-a796-466390058984.png,28,28,0.8455173367900508
268,utokyo_1,3a112672-2f32-4cb5-a8fe-5ec5a5ea0e94.png,38,38,0.8694354352590284
269,utokyo_1,80a56bc5-5adf-4169-8e8e-4a1dcb0e8cb8.png,28,28,0.9436222399984088
270,utokyo_1,14a4a8c8-5ea4-4b0a-a4ae-a580f5c19728.png,39,39,0.7868520667155584
271,utokyo_1,54303f31-8961-4919-8227-c590737e333d.png,31,31,0.9355603408428931
272,utokyo_1,200f4c87-6660-4772-8721-143bc2525d49.png,29,29,0.9064328855481641
273,utokyo_1,e1513adc-4f29-4c51-b545-309020959d61.png,28,28,0.8992399450923715
274,utokyo_1,92a8e17a-a3ac-495a-b770-6d278605ac79.png,22,22,0.8075570718131282
275,utokyo_1,a1f1311f-4ebd-47b4-9c0c-4439de2917e3.png,38,38,0.9065887575086794
276,utokyo_1,35293286-6f6c-4786-a3cb-7d38f4778e63.png,26,26,0.9451651252233065
277,utokyo_1,3833c04f-1c14-448a-b774-55e17275442b.png,26,26,0.8956920355558395
278,utokyo_1,304effda-c6f7-4ad8-a2b6-b8da197aebcf.png,27,27,0.9377578077492891
279,utokyo_1,288aca56-8a51-4625-816a-c0898e215233.png,19,19,0.8976536267682126
280,utokyo_1,078a3639-ee8f-46c7-86ce-b963d09d16ad.png,28,28,0.8864627970116479
281,utokyo_1,145c4a93-10d6-4c3d-a3df-8890af535148.png,24,24,0.8603098591168722
282,utokyo_1,29c50681-847f-480f-bb0a-b61d275e2a25.png,22,22,0.9408977058800784
283,utokyo_1,212c3151-6d9c-48ca-978f-f5f4ca6f5142.png,13,13,0.9816765189170837
284,utokyo_1,86c58ff3-c8a5-48dc-a0bb-46e3205192f6.png,31,31,0.9507299957256163
285,utokyo_1,3e744480-47ba-4cef-9fb6-369bd1c9b0b4.png,19,19,0.8846695956430937
286,utokyo_1,5a4d1ad7-8c3e-4944-b27b-595d37ff46ea.png,32,32,0.8672567289322615
287,utokyo_1,0106d639-9b4b-4621-a832-03acb542f21e.png,40,40,0.8336756486445666
288,utokyo_1,00e0a7b5-404c-4ec6-8cc6-3b56ebb099c7.png,42,42,0.9111207283678509
289,utokyo_1,fe60ae9f-5721-47a2-8e21-8e1815af028d.png,28,28,0.8656148820051125
290,utokyo_1,0d3d2ab6-97ba-4cd5-9574-7cfa327fdd6b.png,36,36,0.8579777230819067
291,utokyo_1,06fa48f0-7bbb-4cd1-909f-d1c97ac88ae1.png,13,13,0.8425768063618586
292,utokyo_1,de68285d-928c-419d-9c8f-a31538f045c3.png,22,22,0.8185289251533422
293,utokyo_1,1a8f53be-9121-4cec-a13a-b4cf4eaaf06b.png,22,22,0.8733557218855078
294,utokyo_1,f0d590f6-acf6-41e9-b69c-be8016b742f2.png,19,19,0.9263016173714086
295,utokyo_1,f442df21-86e8-46c0-9eea-3c2928d1b463.png,32,32,0.9216487798839808
296,utokyo_1,c4ab0153-799e-49a0-b4e4-5322fa2b8f41.png,15,15,0.925111981232961
297,utokyo_1,a7b420a3-20ad-4591-8265-4d365c322ec6.png,26,26,0.8373188456663718
298,utokyo_1,8924c321-d4d9-4c67-8470-33a7161f6b49.png,20,20,0.9108115822076798
299,utokyo_1,595f9776-b84f-4fe2-9c7d-c928b821f335.png,33,33,0.9173851026730104
300,utokyo_1,dcfe97af-25c4-4b7d-8d87-a94ff3b695b3.png,37,37,0.8491910949752137
301,utokyo_1,08f0c0ad-870a-4cda-b2cc-a85260faa83b.png,34,34,0.8717406400862862
302,utokyo_1,0f256647-8995-49f0-b847-3edc89b14050.png,26,26,0.8741556532107867
303,utokyo_1,3b572a6c-d49c-414f-b7a4-7efcdd454e3a.png,27,27,0.9262924426131778
304,utokyo_1,ac581667-dc43-4a49-b89b-393621e0c26b.png,28,28,0.8994577707988876
305,utokyo_1,b30b3448-b7e9-4a32-b830-fbc0113daed2.png,27,27,0.830491249759992
306,utokyo_1,c0f9ba18-7417-4b85-a9af-97ed274c6beb.png,27,27,0.8476970383414516
307,utokyo_1,c4562688-0884-4e07-9c11-a84380f8c0c3.png,26,26,0.9505306453658984
308,utokyo_1,ea251fae-ea03-4636-8c50-1f697365a8ed.png,21,21,0.8948531228871572
309,utokyo_1,c7fbdd0f-18fe-4952-a179-f84aa796f785.png,27,27,0.8383376995722452
310,utokyo_1,c9fb5e6d-0f47-4fff-8d2c-b4d6b7211ea1.png,30,30,0.827016536394755
311,utokyo_1,a466cbae-815c-4ccf-abc0-d69e65fdee86.png,22,22,0.8841863782568411
312,utokyo_1,a93408b6-858e-4cf0-9bfd-b08391df2c22.png,22,22,0.9024126312949441
313,utokyo_1,b0f36058-c2b5-461f-9ddd-8f9f9f662867.png,27,27,0.8682464664732968
314,utokyo_1,599d9b82-414c-41c5-8d77-d4ed0b735558.png,23,23,0.903805470984915
315,utokyo_1,70b67082-b352-44a3-8784-22014aba5bd7.png,27,27,0.9087039017015033
316,utokyo_1,16f56450-c3c0-4231-8b14-2eb9ad28e164.png,23,23,0.9517213222773179
317,utokyo_1,f9434dd1-4f96-48c0-b3b4-03370717e0a7.png,16,16,0.7764474465511739
318,utokyo_1,e38bb464-9776-497a-aef8-f547d9cec476.png,23,23,0.7908011509672456
319,utokyo_1,ddf49bf0-ab35-4663-a15f-3b388e2d8220.png,39,39,0.8571640489957272
320,utokyo_1,d27b2319-f4d3-425e-b802-d6eb521f4791.png,27,27,0.8138024100550899
321,utokyo_1,b05de5e8-475d-4ac4-89d7-a1cb7d849190.png,32,32,0.93883495
322,utokyo_1,a54410f9-bd5e-4f6f-9b18-59eb822ad759.png,33,33,0.9295249518119928
323,utokyo_1,aae019a0-89f0-47e5-95bf-b0535d65b004.png,33,33,0.9014571291027647
324,utokyo_1,10058607-180a-4427-93ef-18df955b71c4.png,23,23,0.7745237797498703
325,utokyo_1,65ed5cd0-bb4b-4a60-b796-e5b6fdc5cee3.png,26,26,0.849877291573928
326,utokyo_1,613f76ae-4430-4861-87e4-e3b6dfc8db5d.png,31,31,0.8107567775634027
327,utokyo_1,75ac2e58-cfc9-4f88-b27a-04fc1a81adbe.png,23,23,0.883062277475129
328,utokyo_1,674e1272-b5af-4a28-b4aa-f2eeb3d05d6a.png,27,27,0.8877731318827029
329,utokyo_1,1bed93fd-b450-4021-bbbb-ae2af34e7f3a.png,25,25,0.8419560104608536
330,utokyo_1,f6ec4e63-3cac-4550-b56d-4a42d84d1977.png,32,32,0.9126786151900887
331,utokyo_1,ed1132ec-9687-4e60-ae85-42f82912a623.png,31,31,0.9262433667336741
332,utokyo_1,e8710300-ed52-494d-998b-e6c381657a43.png,26,26,0.9008496804879262
333,utokyo_1,dfbb21c0-1af6-4a41-acee-22526ab79fb5.png,27,27,0.8983767236824389
334,utokyo_1,d65617f7-aa27-49c7-8a87-2ee9a529dd47.png,38,38,0.8651268497893685
335,utokyo_1,cc179ce8-0897-4f88-af3c-94869de44f14.png,24,24,0.8025718796998262
336,utokyo_1,bf4cea7b-2f41-434d-bae2-ceab5e0e77cd.png,31,31,0.8909769529296506
337,utokyo_1,b6617ab4-e2a7-4420-8c8e-db7c4ae26a84.png,34,34,0.8671303945867455
338,utokyo_1,921f7ea7-6f71-4ea1-81bc-dd2560752086.png,33,33,0.865401150828058
339,utokyo_1,84b2bf8c-eb6b-45f2-b30a-68b27e3868cd.png,26,26,0.8062377772652186
340,utokyo_1,f6b45685-6f52-45f0-bed3-8f67abe550ba.png,4,4,0.7432358413934708
341,utokyo_1,4c93e215-42de-47df-b4d5-6eed3752bfd3.png,25,25,0.8840214037895202
342,utokyo_1,495fc1ae-7796-4c06-888a-ab73ca74cae7.png,19,19,0.9202880349598432
343,utokyo_1,458427e3-a173-4cf8-bf80-75f205055a46.png,41,41,0.8037474875043078
344,utokyo_1,146e4ccd-8420-49d3-82e1-791863dc3993.png,26,26,0.9145656182215764
345,utokyo_1,638a3001-ddec-4dde-990f-dfb4addc6f9a.png,20,20,0.7760755404829979
346,utokyo_1,50880b6e-c7f2-44d3-831c-375af1772373.png,29,29,0.924276128411293
347,utokyo_1,2de6c311-cad7-46eb-90b0-9d418ef06d22.png,32,32,0.8962699398398399
348,utokyo_1,429b3330-811c-4794-8a8a-15f3b818ef55.png,25,25,0.8875418844819069
349,utokyo_1,4257accd-a180-4cbd-b7c1-23aaa59a9488.png,21,21,0.80707238756475
350,utokyo_1,34c6b163-ed8a-4180-8382-d2a112692813.png,17,17,0.9193377880489125
351,utokyo_1,3d24b53e-742b-4307-a5ae-5839f3cdb2de.png,23,23,0.7130246943105822
352,utokyo_1,f5aa5b09-a460-4f5b-a134-17ec3381f079.png,32,32,0.819068323125
353,utokyo_1,f07dcea6-efc8-49bc-8b69-0dac95c0bfd6.png,29,29,0.9281563913000042
354,utokyo_1,ec76fcb1-2c3f-4fbb-b0e4-c3292c1d67d1.png,31,31,0.8834175030069966
355,utokyo_1,e78a22cf-4c81-4454-bd0a-9c36cd7f2fda.png,27,27,0.8388455068623578
356,utokyo_1,e1f2e77c-ca71-40eb-8e4c-538b571bba6f.png,26,26,0.8634097478710688
357,utokyo_1,deb07a44-5b04-46be-8d3f-61505c737154.png,26,26,0.8995564734615387
358,utokyo_1,dd0e5560-9aa7-41b2-aad6-fd57f357c009.png,27,27,0.8447082985185185
359,utokyo_1,cedc4b5f-2aab-4df4-977c-3cf1fa2589ed.png,23,23,0.8790499827136165
360,utokyo_1,bfff24fc-4386-435e-8e98-57dec91235e9.png,24,24,0.9539067633450031
361,utokyo_1,b53a6a51-2548-4b5c-bf53-1b4361977e77.png,39,39,0.869763045738905
362,utokyo_1,b10945ea-d41c-48fb-b653-ac5304e890bb.png,29,29,0.839718981292741
363,utokyo_1,acd4ec4c-ba4d-4e62-8ad5-457689e2a059.png,31,31,0.7618762985352547
364,utokyo_1,a1b1f3a9-76ba-4ae8-ba9e-50591c7b8ac0.png,28,28,0.8618702579821859
365,utokyo_1,8ed411a0-5058-4dfd-9bd6-9f0ccc726bfb.png,31,31,0.8859392616056627
366,utokyo_1,84deb89d-0c02-4c81-8a1c-1303e4776654.png,35,35,0.824335275377546
367,utokyo_1,84c759cb-ae6f-4768-9036-c3af9c45ac35.png,41,41,0.8549488688387522
368,utokyo_1,81472d5d-7aae-4e48-abd1-fc0ae0d8561a.png,30,30,0.9262430330117544
369,utokyo_1,4966933c-4326-407f-b8a6-2baef85875fb.png,31,31,0.8795058756105362
370,utokyo_1,47b6b5ca-e496-4855-8b7e-610855de4cab.png,24,24,0.78937695875
371,utokyo_1,0737d924-c026-46cb-ae81-8a1679c89525.png,26,26,0.9112173066689417
372,utokyo_1,0622690c-0d52-428c-8454-8fa5fc03acaf.png,22,22,0.9252449016679417
373,utokyo_1,043db406-fc9e-4f9f-aec6-1ab83b40f9b0.png,35,35,0.9480748023305621
374,utokyo_1,036722ba-bde8-4e01-896b-bec4f3f1f732.png,18,18,0.8582097018758456
375,utokyo_1,6014d0a0-921f-450d-8970-a2e32b1ceab6.png,24,24,0.8566566991309325
376,utokyo_1,51d0d28f-fc5c-482d-9995-d2073f3681ac.png,40,40,0.8432650316506625
377,utokyo_1,4ef4f959-50f9-45e6-a9f9-e8b7063033e7.png,30,30,0.8265208378434181
378,utokyo_1,6e15e5b0-99c1-428d-bcfe-81483b3b9955.png,23,23,0.9225646710914114
379,utokyo_1,6d7aa3e9-075f-49cb-b16f-c39a6c436ea3.png,21,21,0.821903176960491
380,utokyo_1,40fd2508-e315-4887-ab50-3c746e001b76.png,19,19,0.8287009605263158
381,utokyo_1,180d7f96-969d-4e09-818a-1172770a40f7.png,35,35,0.891783347087247
382,utokyo_1,f4c76264-d307-4555-a78d-3ecd1985009f.png,38,38,0.8608203463648495
383,utokyo_1,f360fcba-1bd9-41f7-a37a-d0b71c9f73c1.png,46,46,0.8006388201661732
384,utokyo_1,ee83e33d-f695-4624-ab30-dca3a00d5537.png,32,32,0.8984596277587116
385,utokyo_1,e2faa927-262d-4fee-84da-cc0d2fe4d25f.png,27,27,0.9153381472936383
386,utokyo_1,d6aedc50-a19e-4564-8a17-e03387c14e58.png,32,32,0.8294441998004913
387,utokyo_1,b849ab83-bcb1-4dc7-a064-a119499bac86.png,30,30,0.8987613538901011
388,utokyo_1,ba008573-1896-4924-b18a-7ce6df67c5f6.png,34,34,0.8067333224941703
389,utokyo_1,c1f4dfb6-bf60-420a-8bda-3d1d9495ca81.png,29,29,0.8462758043716694
390,utokyo_1,a5e6e3dd-97f8-4c71-84e3-7dbe6fbcf521.png,23,23,0.8904417979976406
391,utokyo_1,9fe57a0e-a213-4bb2-af29-bb464104920a.png,30,30,0.8713756223519643
392,utokyo_1,9ae9c35d-dee3-4efd-ba9d-1254a1196882.png,39,39,0.8839680667106922
393,utokyo_1,921e87ad-0765-4b24-9a77-ae805bf5c865.png,19,19,0.7888801725287187
394,utokyo_1,917bdce3-381b-4e57-83d7-7e8e6caa0b68.png,29,29,0.9201038407868353
395,utokyo_1,87c55bd9-21f2-46b3-8994-ea31bd067aab.png,35,35,0.8726272634097508
396,utokyo_1,47f6fc1a-e024-48b6-b3da-af8f1097ba42.png,34,34,0.8961290831074995
397,utokyo_1,7fdaaa96-90ed-4c51-872d-02e1430c975c.png,29,29,0.8832311897442259
398,utokyo_1,5505ed0e-4754-4e44-9a63-f6bffc62a01d.png,30,30,0.839988000690937
399,utokyo_1,504fdb79-bd1d-4ffa-a403-be4fb23f03fe.png,29,29,0.8355902078850516
400,utokyo_1,7a72eed2-dc40-4b47-865e-998f4b9a5fa1.png,40,40,0.8929642122238874
401,utokyo_1,2d6d9271-d659-4b79-a0b9-52446d322722.png,42,42,0.9190914872146788
402,utokyo_1,2a818f21-452b-48ab-9c2e-f7dc45f400df.png,27,27,0.9316335982746549
403,utokyo_1,77727de8-6011-48a8-a048-e07c9b358522.png,34,34,0.7929331254871452
404,utokyo_1,761e2c21-543e-489e-96c2-9f6af2540ca0.png,31,31,0.9355649164607448
405,utokyo_1,23ded194-79e1-4a2c-83c8-8ef625cc2739.png,31,31,0.9031200062844061
406,utokyo_1,6bd26e06-921a-4339-b7f2-db9309e63147.png,38,38,0.7996931872085521
407,utokyo_1,6a017746-31cc-4eee-a800-9249b2d17f34.png,25,25,0.7790242052078247
408,utokyo_1,67b99c29-869a-45b4-8bc3-f0c4649cf1cd.png,48,48,0.8751655661811432
409,utokyo_1,445b8079-4d2e-4885-9a66-e8340341a1f7.png,30,30,0.8383936757842699
410,utokyo_1,37b097aa-9340-4bc4-a74b-76133283037d.png,21,21,0.9043224539075579
411,utokyo_1,e7c17bb4-7c8d-4d1e-ad4e-dceff515ee7c.png,21,21,0.8143816824470248
412,utokyo_1,e71cd362-a343-4de1-85b0-1bab4df88419.png,26,26,0.9122525058113612
413,utokyo_1,da8b6e91-0e89-43ed-b609-fa72263fac57.png,25,25,0.9675648474693298
414,utokyo_1,d73449c4-2d6b-4b8e-9895-ff360d366f51.png,32,32,0.9451744062826037
415,utokyo_1,c4645bc0-f9e2-483e-84ef-7242d913567e.png,24,24,0.909842645128568
416,utokyo_1,c3b75721-2b32-41d2-8bcf-5ba83f202ffc.png,12,12,0.8202416946490606
417,utokyo_1,c16c0dea-9ee0-4bc6-a604-06343c149d48.png,36,36,0.9001379433333331
418,utokyo_1,b0e12473-9eff-49b4-a02a-f78265a930f2.png,29,29,0.9282225812303608
419,utokyo_1,9e84d48e-0bab-468d-9349-265237baa84e.png,36,36,0.8988106164667341
420,utokyo_1,950e1ffb-44aa-4077-bd1e-ced570084a5c.png,27,27,0.7794035899418371
421,utokyo_1,81372729-0d16-4256-aae0-0dc8a2a8eb0f.png,31,31,0.8167123131213649
422,utokyo_1,65be64f4-0ac2-402b-a6d5-0b3e39842b53.png,14,14,0.8158973285130092
423,utokyo_1,64235e30-dfb1-4259-89a9-e7137247e39f.png,29,29,0.9540054798126221
424,utokyo_1,5af0c3bc-f2b7-4163-b890-4a0dcd7a9842.png,31,31,0.769673565222371
425,utokyo_1,4fb9c33d-dd4f-4e06-a90c-821d284c12a3.png,33,33,0.7857316836263194
426,utokyo_1,76952a7c-dc63-45f2-b011-99b6e3fed02b.png,29,29,0.8897917820461865
427,utokyo_1,1bbc251a-4ace-47dd-a13b-862fe6c2ef00.png,38,38,0.8828820017607588
428,utokyo_1,1a54c775-0621-4876-b2ae-86c8d2baaa09.png,8,8,0.6036303602159023
429,utokyo_1,67942748-96e2-4b32-8c2b-4d65f334bc01.png,27,27,0.9723276231024001
430,utokyo_1,40868985-b3d1-4bb4-9ba5-b41ac953ebe0.png,32,32,0.7933080834336579
431,utokyo_1,fdbf78e8-d5ad-461b-ab15-6f1d788124c3.png,33,33,0.7433769111380433
432,utokyo_1,fd976aa0-3777-42bd-807e-3b2d8209f68d.png,26,26,0.9767415133806375
433,utokyo_1,2d3446ed-df66-4c9c-bd59-b8559a985d70.png,32,32,0.9240743396803737
434,utokyo_1,fd36b381-c905-4730-96da-ddc5cd61e387.png,20,20,0.9273645736277103
435,utokyo_1,30860b90-a93b-46fd-8491-86508cfb526a.png,35,35,0.8178777452026095
436,utokyo_1,4bf79255-4bc5-47b3-920c-9904b3b765cb.png,35,35,0.8489461849842753
437,utokyo_1,fcb1f7e7-ffdb-4522-a5ef-d9af8fed3517.png,30,30,0.8349027986327807
438,utokyo_1,fc4684dd-6c4d-438d-b928-a258bca662a9.png,30,30,0.7896258912980556
439,utokyo_1,fc190d78-1e98-451a-884e-d1574af584cf.png,33,33,0.8851330537687648
440,utokyo_1,fc118d69-2c4c-40e7-9905-956c0e640f27.png,31,31,0.9090568706873925
441,utokyo_1,fc03b406-b200-4f0c-b2fd-8b605cd5955c.png,34,34,0.8314196501584614
442,utokyo_1,fba7171f-07d2-4710-9964-8af1c7b13a3b.png,31,31,0.9082493378270057
443,utokyo_1,fb8e612f-cf1d-4f8a-a9e5-ee8b832d79b3.png,28,28,0.907081595488957
444,utokyo_1,8e5066f9-8f11-40b1-8067-27a567d052a5.png,33,33,0.9056875707976746
445,utokyo_1,8ce0ce05-375f-47c9-b489-2239d2a1213e.png,26,26,0.9418794741997352
446,utokyo_1,fb3d5f11-0e88-45a6-af91-b7bdc13197c8.png,33,33,0.8739912947922042
447,utokyo_1,fb25cb56-26d7-4531-83ad-634a540290e3.png,36,36,0.8509047774391042
448,utokyo_1,9f69d496-e786-447f-84bc-81855c385e18.png,29,29,0.794315748173615
449,utokyo_1,fae6be76-a5df-422e-8ce2-cc7f541e2b6d.png,39,39,0.9269534681852047
450,utokyo_1,fa2a22e7-c3d1-4eaf-bc4e-133b25a01bcd.png,21,21,0.9169664255210331
451,utokyo_1,b0a663c6-4685-4952-aad7-fe726b44b3f2.png,26,26,0.9458351146716338
452,utokyo_1,8c99c8ac-1e59-4170-878e-4970028aef5f.png,29,29,0.9570598540634945
453,utokyo_1,35a4ef67-076a-4c09-8ae2-6f5fd1592ff3.png,14,14,0.8438239587204797
454,utokyo_1,f9a5e876-54ef-4008-a87e-9e17da4fc14d.png,29,29,0.9461479351438326
455,utokyo_1,f8147721-b42a-4351-937b-73f77b3f1f91.png,29,29,0.7542566094419052
456,utokyo_1,d8b6ca1b-c128-410d-bec5-827b4f109eab.png,18,18,0.952701148059633
457,utokyo_1,d9385a45-c451-463b-bb0f-20e04b516d4b.png,25,25,0.9001497650146484
458,utokyo_1,d9a4f9e1-fce6-4ddc-98d1-842eac3504de.png,21,21,0.9299214808713823
459,utokyo_1,da135d3c-0b01-4883-87b1-3c9f55c2cb15.png,28,28,0.8501742482185364
460,utokyo_1,da92db66-e6b7-4c11-a69e-027fb466db16.png,18,18,0.6025635492470529
461,utokyo_1,daddf4fb-be63-46c4-b645-1dcb2a5c290b.png,31,31,0.8500306428440155
462,utokyo_1,7cafe251-5a55-4071-ae14-4caa71ce88b6.png,33,33,0.824257769819462
463,utokyo_1,db10cc9f-f7f6-43fe-b024-7097a1845bb8.png,21,21,0.9011254750546955
464,utokyo_1,dc37b30d-e700-4bb4-96b6-738f05ceb7b4.png,29,29,0.9580385596551723
465,utokyo_1,dc5cf1c0-ab68-4a5a-95e6-06b67ced3953.png,22,22,0.9104580554095182
466,utokyo_1,dd1e6fce-063a-4450-b936-24a4cba429fe.png,25,25,0.8469643366336822
467,utokyo_1,dd3ac071-ef6e-4c88-b476-4b1586abe37d.png,28,28,0.8145803873028074
468,utokyo_1,df39dfa5-f841-43a3-9c5f-4677f8a8e218.png,35,35,0.8196692649807249
469,utokyo_1,df61bd49-e67c-4457-a283-0f91d17627e6.png,45,45,0.8539088096883561
470,utokyo_1,e015be49-6d97-433c-ad4a-79abe534869a.png,30,30,0.7911086479822794
471,utokyo_1,e05a6ee7-10d9-4598-831a-98554ea733db.png,31,31,0.9775701251722151
472,utokyo_1,e2bbf864-a5cb-41c8-a1d7-86a2c60554c8.png,32,32,0.8672134755179286
473,utokyo_1,e3bd9280-2498-4c27-9950-42677742591d.png,28,28,0.9174264861004693
474,utokyo_1,eb0c9dd2-a459-48cd-98a8-e341f7a9d4e7.png,31,31,0.9072982168966724
475,utokyo_1,f09c8ae8-876a-48dd-8a97-4aaf762160e8.png,32,32,0.8619334176182747
476,utokyo_1,f3c9c04a-7398-4346-a8ee-7fb585f110b9.png,32,32,0.7852890226058662
477,utokyo_1,e45b4712-661b-482f-b3dd-8dbf2824eab9.png,38,38,0.7355972844126978
478,utokyo_1,e47a87b1-4f99-4599-8bee-d390768db2e6.png,38,38,0.7938230398454165
479,utokyo_1,e4ae8799-68a5-4cfc-a40e-23d7ff8dc769.png,27,27,0.9742502216939573
480,utokyo_1,e52a5af0-a006-4dbd-a08c-44587c224a09.png,33,33,0.8970633365891196
481,utokyo_1,e684c185-9d63-4f21-a5d2-3cd3169cd340.png,22,22,0.8231110578233545
482,utokyo_1,e6a6a5fc-b55d-4068-a724-6c06a7d30a42.png,26,26,0.9518255728941697
483,utokyo_1,e6f20da0-4449-4864-901d-96474db13809.png,27,27,0.8587426488046292
484,utokyo_1,e7a85459-5cd1-4802-a365-efffd2eb79a3.png,27,27,0.925010026605041
485,utokyo_1,e896e996-8b28-4d75-bc11-bb80afe04163.png,29,29,0.8923527439092768
486,utokyo_1,e8acee88-4b8f-4185-9465-88099dc8dc96.png,41,41,0.8988027525384251
487,utokyo_1,e9a8a613-ac20-474b-a599-4ad9ab3f9181.png,36,36,0.9100176745818721
488,utokyo_1,ea5ac907-c575-4550-95a3-9a2b6156037f.png,29,29,0.8669630581962651
489,utokyo_1,ea91767d-7a56-4346-a25f-49cd063ab790.png,29,29,0.9217228478398817
490,utokyo_1,eb8d586e-abaf-4daa-bc21-cec286be25da.png,31,31,0.8705413312681259
491,utokyo_1,ec7a740c-2252-43ee-83c9-660a1c04fced.png,27,27,0.9078776510777297
492,utokyo_1,b661793c-3dfe-4d89-a8e6-cff92dfed0b0.png,11,11,0.598552098328417
493,utokyo_1,a25ed87d-0c29-47ad-9c6a-cd9d4513f609.png,40,40,0.8537518365308643
494,utokyo_1,992ef3c1-a88f-41a9-807c-0c13341773b2.png,28,28,0.8478167248623711
495,utokyo_1,ec822def-aef1-4a81-a5e8-4a480100224f.png,33,33,0.8536167126713377
496,utokyo_1,ecca3ee5-13ca-44ad-9c87-caee0490854e.png,32,32,0.8108275476843119
497,utokyo_1,edcfd71c-f052-4122-9dc0-e0559a47ab82.png,22,22,0.885841001841155
498,utokyo_1,edf90bf7-c311-4eba-8ec8-352861564049.png,35,35,0.9185369116919381
499,utokyo_1,ee9b6cf5-6697-4f66-a57e-a2c7933f1696.png,35,35,0.8832302732127053
500,utokyo_1,f086dde9-5d00-4cf2-a6fd-b96c18174586.png,27,27,0.8323528253369861
501,utokyo_1,f0cbe1d5-d364-4121-ae8d-397501f75411.png,33,33,0.8969583542961063
502,utokyo_1,f385eb65-f3a6-4b3d-9138-0377cdb93501.png,30,30,0.8020744865139325
503,utokyo_1,f3ee440e-78c9-4a00-9b50-d7d83ae22100.png,27,27,0.7802127800605916
504,utokyo_1,f45ea139-11bf-43d3-afd1-be7e269a8927.png,37,37,0.9170966744422913
505,utokyo_1,652b5d06-d1aa-4700-9379-872e0f487033.png,20,20,0.8104969955980778
506,utokyo_1,f566ae69-78f4-4fec-ab4e-b1b9579e2e97.png,26,26,0.8874197590809602
507,utokyo_1,f83ff187-c51a-4f08-8f82-314399f0d2f2.png,24,24,0.852927149583896
508,utokyo_1,f94f456e-9260-4690-8095-e699db46f04c.png,33,33,0.895129061783805
509,utokyo_1,fa1f8040-5067-4cbf-9b0b-baa53191982c.png,33,33,0.8164467612902323
510,utokyo_1,43ea43da-411e-4007-9501-07b901ebcd38.png,23,23,0.8933331065217393
511,utokyo_1,8f890379-2329-4c58-bbc6-47c93f5ad4c1.png,29,29,0.886971627843791
512,utokyo_1,86258658-2c20-4284-87e3-5391f20fcc56.png,34,34,0.8637529764981831
513,utokyo_1,fa3fb8ea-c25a-4467-af46-c0c4f2a37fc8.png,25,25,0.9296225422620773
514,utokyo_1,fb668d66-cfb3-4f80-9aac-51fb7424177f.png,27,27,0.9198620473897016
515,utokyo_1,fc981018-2a42-46c7-84a6-3e0732a196a8.png,9,9,0.7805112964577146
516,utokyo_1,fccffb3a-3c66-4afc-9d50-877146a66afa.png,22,22,0.883450285
517,utokyo_1,fd2ee97b-6518-4dd5-ad86-b7e0c11d9ea4.png,27,27,0.8951835781335831
518,utokyo_1,fd3f522f-7128-4e98-acc7-436f17e3eef3.png,19,19,0.9243635927375994
519,utokyo_1,fdba5516-1de1-4c5b-8a96-76de8bfb81b0.png,21,21,0.7879412390476193
520,utokyo_1,fdc0909d-76c5-415e-87e2-a32c1419f053.png,30,30,0.8029078523317973
521,utokyo_1,fdccb837-86ec-4f4f-a61a-62b130c5014e.png,27,27,0.8927454211111111
522,utokyo_1,ff2116a4-ce43-4741-b889-1af5e85b0ea8.png,35,35,0.8680775859526225
523,utokyo_1,414ed188-6a13-42f7-bdba-57690ad0ff21.png,32,32,0.81526446249336
524,utokyo_1,8acb100f-dd57-445d-ac28-0dacfaaf99a8.png,24,24,0.8813419540723165
525,utokyo_1,14e7e96d-cf5e-483a-8246-fe382f968ec8.png,36,36,0.9235121400819885
526,utokyo_1,ff7ba3b0-43e3-4f8e-92d3-a5a5966b5ffd.png,21,21,0.8686149212576094
527,utokyo_1,ffd0de3c-afd6-4ce0-ac7b-ed92ab27f6ef.png,31,31,0.8595836979727591
528,utokyo_1,d9e09d17-d969-43e6-9ecf-2d5620210941.png,32,32,0.8499893322587013
529,utokyo_1,ae888a49-957e-44c8-8ca5-2ef55c145f22.png,28,28,0.8559025818748134
530,utokyo_1,079af608-c26b-4823-8584-fc8c6d021a53.png,21,21,0.8938380486908413
531,utokyo_1,4b614156-736f-4777-99e7-3967ed87b289.png,31,31,0.8915388329375175
532,utokyo_1,8bc7794d-fb23-4fe1-91de-42b6f9b9d132.png,42,42,0.8299759700894356
533,utokyo_1,99e2bc54-2a5e-4f3a-8bbc-6f1859c2adb8.png,43,43,0.8566634422817896
534,utokyo_1,77b9f4f1-ac2a-4b66-a2cb-f4f7f44a0e80.png,25,25,0.9028306525945663
535,utokyo_1,757dc4cf-f726-4b99-8c2c-31cdbeb32b52.png,28,28,0.9043949693441391
536,utokyo_1,6deb424c-d70b-44e7-b054-05ea4a3dea53.png,32,32,0.8055577599443495
537,utokyo_1,220e39a3-4f2f-4dbd-8681-2a5b4ea1b286.png,39,39,0.8563021706082882
538,utokyo_1,7e5b7feb-a92d-4513-bb75-995b6aaf6f6c.png,35,35,0.8438446887901851
539,utokyo_1,58b56cdc-14d8-4a7f-974b-96ad2599b741.png,32,32,0.8230891935527325
540,utokyo_1,590b1d09-8851-43ba-8b03-783664f3d372.png,22,22,0.8774504322897304
541,utokyo_1,91a7da85-a113-4cbb-acd3-079b3fded6d8.png,27,27,0.9382681614822812
542,utokyo_1,5bea484d-a980-4959-862a-b0527b3d2488.png,30,30,0.8615396596491337
543,utokyo_1,05403ccf-7c1e-4971-b19e-826a860193d5.png,27,27,0.9173176448654246
544,utokyo_1,17f658da-83d0-424d-acbc-8ce03b3cbf6b.png,24,24,0.911376353353262
545,utokyo_1,8597587c-9667-4048-860c-0b2832478d87.png,33,33,0.8410564563942678
546,utokyo_1,e3848928-f0bd-4e0e-bcbc-b51f36e1c83d.png,21,21,0.9453566358202979
547,utokyo_1,0e5a9b0f-4323-453c-af5a-6bb8468c5039.png,19,19,0.8369187493073312
548,utokyo_1,844459c3-f981-43a3-b97d-552593b2f849.png,34,34,0.8548049155403586
549,utokyo_1,02e6a80e-82d9-4f3f-81de-88b0e38a4711.png,29,29,0.8141881191524966
550,utokyo_1,5aee5d45-9249-4916-b4c9-b671750461ed.png,36,36,0.9329040865931246
551,utokyo_1,3430f30d-e6af-4dd8-969a-32cb8b450afe.png,17,17,0.8053513958173639
552,utokyo_1,f2a454c0-e157-47cc-84ed-15f727ed98f0.png,38,38,0.8300764962638679
553,utokyo_1,eaf529ff-686e-460f-9a7b-aaab09040016.png,33,33,0.8800559919891935
554,utokyo_1,d6b16e5c-3597-4c89-92ef-3f18f6f737e8.png,36,36,0.8960274515880479
555,utokyo_1,b46ecf9c-2bf8-475a-ad16-e1b2da97145f.png,26,26,0.8459644879286106
556,utokyo_1,e708ec68-b126-409b-a3be-513f8eb600fa.png,32,32,0.8849398149177432
557,utokyo_1,e7072dc4-b54a-4281-b554-f12a147054e2.png,22,22,0.7173250195654955
558,utokyo_1,b1007daf-3b23-4b15-bdf7-26167878e1ae.png,35,35,0.7613798852477754
559,utokyo_1,cd5fa9f0-5e7a-4648-82cd-20779aa424ce.png,28,28,0.714511097275785
560,utokyo_1,ac1a5762-4822-430f-91a7-612ce6deb267.png,31,31,0.8585635659194761
561,utokyo_1,d614b750-d390-40b9-a2f7-50125e9dead6.png,30,30,0.8423338085412979
562,utokyo_1,a8de23b1-928b-4aaa-8232-89f7e75bb6ad.png,29,29,0.8246419519699854
563,utokyo_1,3e130366-c84c-4db5-91e9-e952c9c47f6a.png,30,30,0.9010875870784124
564,utokyo_1,b3d1a2bb-3ddd-4246-8736-a8799025da18.png,43,43,0.9259765709555426
565,utokyo_1,08c578de-63da-4c5f-a7c9-fa90a93a2d2a.png,30,30,0.9004940569400788
566,utokyo_1,62f0d9fd-50a8-49be-884d-57350c0479c0.png,34,34,0.8947252464645049
567,utokyo_1,13ec320f-415d-446b-aa20-28b7786d72e9.png,20,20,0.881872471421957
568,utokyo_1,600951e3-3004-4c10-9bf6-00a3f4a85e31.png,36,36,0.8302005142387416
569,utokyo_1,4af9a3f6-e2b2-40bb-a409-b2226454dcd1.png,44,44,0.8027316809377887
570,utokyo_1,ab7cae6d-8d3e-4b9b-b40b-32f9c8620cdf.png,16,16,0.8248044736683369
571,utokyo_1,3b41cfff-848c-4ebe-99c0-5961fa3094a2.png,30,30,0.9116334815820059
572,utokyo_1,c94969e8-332a-4f57-8cf1-1b7efab20162.png,33,33,0.7821095848625357
573,utokyo_1,537ed532-3186-4356-aa29-0ee08f2a4b1e.png,32,32,0.8139919524546713
574,utokyo_1,8f9727c3-5cf3-430a-bc7f-0da8ac45c9db.png,31,31,0.8827569845222658
575,utokyo_1,95080f43-40ec-4d0f-ade6-01a5a7905489.png,28,28,0.9266482698065894
576,utokyo_1,b71eed9f-e083-49b9-8cff-55b57d44c7a4.png,25,25,0.788539189696312
577,utokyo_1,274aaf08-4f59-43c3-8037-b8d789806a93.png,21,21,0.8636881737481981
578,utokyo_1,188d8a25-7b6f-4439-9dd2-8220d8913652.png,29,29,0.8215880488527233
579,utokyo_1,2b465dfb-11ee-420c-a7dc-cff051793f50.png,23,23,0.7531874633353689
580,utokyo_1,7fd791cf-09c2-418d-a13d-82393d803a26.png,35,35,0.9034392067364284
581,utokyo_1,e0fa6a96-8eba-4b6e-8a82-e5abc78d69ef.png,29,29,0.8681776235843527
582,utokyo_1,b9e37754-50dd-496c-80b8-17d3ac7768ea.png,26,26,0.8816879850167495
583,utokyo_1,c4621eb5-ffb8-4e5a-86e9-41ecbe76c1d1.png,24,24,0.8729878142476082
584,utokyo_1,5b0069e1-06e9-4a7c-b889-212b6a4dfbad.png,23,23,0.9388252017290696
585,utokyo_1,73f6088d-e22b-4cb4-8656-6fbacfa06182.png,32,32,0.8694270271807909
586,utokyo_1,80dc8070-4c54-4e8d-88da-2816b1386e3b.png,14,14,0.7456323174493653
587,utokyo_1,9dadbc13-bfd4-4df6-89e2-c67a8f0007a5.png,22,22,0.8267468078569933
588,utokyo_1,c0816d9e-32de-490d-85f9-7815c611dbc1.png,26,26,0.8433664045654811
589,utokyo_1,6cbd5b5d-bca5-4d80-bd76-d34a7f8970f2.png,33,33,0.7083011911222429
590,utokyo_1,9b07b1dc-b658-41a6-a9f2-8fc0449b3bd8.png,25,25,0.8787315094470978
591,utokyo_1,bd58085a-8691-4cec-a6ca-1b20c2dd1bb3.png,27,27,0.9000644910114782
592,utokyo_1,43831eb4-2e28-421b-a9d5-c593c1cf5390.png,18,18,0.8372180147303475
593,utokyo_1,2ca9b877-d405-44c0-90cf-8ba783a3824a.png,23,23,0.8363803152156912
594,utokyo_1,91aad8a0-bb0a-4df8-9533-1d749cc5d82a.png,40,40,0.8366078734397888
595,utokyo_1,710bc0d1-682f-4f09-8694-d0b4adddcaf5.png,24,24,0.863181526462237
596,utokyo_1,efc82acb-a271-41f9-af47-7fac1057f7b1.png,13,13,0.7339736802073625
597,utokyo_1,1d69cfff-529b-4234-9bbb-8edfe2c1534d.png,9,9,0.7954301585753759
598,utokyo_1,fe508db5-d079-4246-9616-4164e8cb5222.png,24,24,0.8917843233793974
599,utokyo_1,de10ee32-c20b-4154-8876-df764376bbfe.png,17,17,0.8132760524749756
600,utokyo_1,3b54b88a-2845-42cb-890c-6c000201444f.png,24,24,0.9441710064808527
601,utokyo_1,9dfa9b87-5fba-46a1-be2d-e1b2637a47db.png,25,25,0.913745846748352
602,utokyo_1,29bb8f04-6a7c-478a-b3b0-91a886f246f8.png,40,40,0.8883340055122971
603,utokyo_1,8fcd2f0c-30e5-465d-9b10-f9e03b71714b.png,21,21,0.8686432455267225
604,utokyo_1,2f7effeb-9007-41e5-85ee-dfe2a83e8e6b.png,22,22,0.9772922830148176
605,utokyo_1,5bb7f438-56f0-470b-8620-3ac3d914fe30.png,29,29,0.9229095927600203
606,utokyo_1,f753443a-db93-4e01-8c95-6d1bf1a8c382.png,28,28,0.8805958085826465
607,utokyo_1,1e11a0ed-67b0-4741-9ae2-73bc83f06775.png,20,20,0.8831229165196419
608,utokyo_1,968d759c-19ce-4db2-b647-f10257036ed3.png,35,35,0.8251343190670013
609,utokyo_1,e0617d7a-b7e3-4b13-a0d5-3d71f9877e2c.png,20,20,0.8320016354322434
610,utokyo_1,990d5cd8-185e-4a72-b308-33860ac7c380.png,29,29,0.8791100968574656
611,utokyo_1,05fccb99-0a8f-4057-9d28-aff0373352a3.png,35,35,0.8723764670746667
612,utokyo_1,22a2579e-422f-4e9d-b441-7fcdeb092c57.png,36,36,0.9072204406062762
613,utokyo_1,c48bb736-623d-4499-9fa5-0a5cc90bafe9.png,21,21,0.8701287052380952
614,utokyo_1,b7ed46d0-9cb4-4bd1-a3a8-1df6ed2f565a.png,31,31,0.8404482082974526
615,utokyo_1,75cac6ca-5d2a-476b-bd6b-bafd495eb9c5.png,31,31,0.8439505196386768
616,utokyo_1,b06c9a2d-bcf6-43a7-9790-44bd26e64554.png,11,11,0.8856599073518406
617,utokyo_1,21d5c837-b2ec-48f4-9833-496f54ad5934.png,22,22,0.9601391540332274
618,utokyo_1,140d0182-c885-497a-85a6-0d8d374f05f0.png,20,20,0.8555089876055717
619,utokyo_1,10633cda-59a3-42bc-84cf-c0d5f646b4b5.png,37,37,0.8679751089295825
620,utokyo_1,0fd0c53a-e943-4578-9e34-842e2640091e.png,37,37,0.797095570411231
621,utokyo_1,3d53e09d-b7ca-4d92-89ee-0fc304d4a716.png,25,25,0.876781165599823
622,utokyo_1,e582673b-34ad-4645-ac84-e5dacfe28745.png,24,24,0.873688576122125
623,utokyo_1,c648c013-56d9-4113-8642-c78ebb2ee74c.png,28,28,0.9057159892150334
624,utokyo_1,b992004a-7a2e-45e3-8610-6a8808b93a08.png,35,35,0.8360226077692849
625,utokyo_1,b4808831-44c7-4e7b-a593-a8b83a339a20.png,28,28,0.8956128593002047
626,utokyo_1,abb55cea-7d07-4f07-85f7-ef685bbb6cf5.png,40,40,0.9393225919999999
627,utokyo_1,49423411-e208-46a2-b951-1bc43880165f.png,22,22,0.8592769056558609
628,utokyo_1,0a25a78d-ae99-4148-9170-d119ff2cf367.png,30,30,0.8698615188399951
629,utokyo_1,1eaebf48-1f40-4325-8a9c-f30f8d1bdd6f.png,36,36,0.8295245928068956
630,utokyo_1,0975a9b3-5414-453b-9386-3193962dde21.png,34,34,0.7272682159262545
631,utokyo_1,6d058aa9-cace-4c7d-8d07-69a05311a170.png,38,38,0.8766033582781491
632,utokyo_1,01996efa-c711-473f-a002-90fb2aefe1c3.png,16,16,0.8741808366030455
633,utokyo_1,245e89f0-9e7b-4165-914c-3c811e056d9b.png,28,28,0.8128280118107796
634,utokyo_1,5a12bfe3-62d6-46c4-88f0-286dd2268ca4.png,25,25,0.8712463963031769
635,utokyo_1,1f898d70-633b-4cfb-95b7-6c73b08953aa.png,25,25,0.8712319219112397
636,utokyo_1,24218a38-b755-47b0-ae00-a56afcf074d6.png,10,10,0.8033703982830047
637,utokyo_1,19f38cd5-425d-4890-87c7-7edeb5eaf7d3.png,13,13,0.74664634007674
638,utokyo_1,3c1bdb20-47f6-43a2-9adb-89cc74c65c92.png,36,36,0.7875883496469922
639,utokyo_1,68071e40-036c-4861-bb7f-fe79a50058cb.png,37,37,0.8244546382008372
640,utokyo_1,3765de55-5f84-43b5-8f22-f700d665b894.png,33,33,0.7896387026165471
641,utokyo_1,00175657-c80c-4ce1-a2d7-7d89592ee892.png,32,32,0.7705618527252227
642,utokyo_1,014df2fa-83ee-42dd-b6a1-d7d0f6517ccc.png,25,25,0.8339912056922912
643,utokyo_1,016211e8-76eb-4aa0-8b9b-24c781aae05f.png,22,22,0.90325996957042
644,utokyo_1,01924531-732d-463c-a022-3234a181a4d7.png,23,23,0.9584240602410358
645,utokyo_1,02f2590c-44e6-4f5f-8059-c5822af5c119.png,30,30,0.905932871500651
646,utokyo_1,03f8aa66-27d8-4229-a03c-306fe0174001.png,23,23,0.8425647460896036
647,utokyo_1,03fbdf5b-c164-4a4c-8289-57204a11d64a.png,26,26,0.8884934003536518
648,utokyo_1,0434abd5-55a3-4142-bb0f-405922ddfd55.png,32,32,0.7826285404153168
649,utokyo_1,047011b9-4ce7-42a7-b9e2-a59e7a86ba01.png,22,22,0.8070713999596509
650,utokyo_1,0882fb63-d8aa-41a0-a532-359884653048.png,31,31,0.9134008740225146
651,utokyo_1,08cb47fb-ea90-43a9-b8ec-6bef314cb8ca.png,39,39,0.8932471783497394
652,utokyo_1,09626ca9-9482-42a3-8d02-9bf3cc2eea47.png,35,35,0.7986614032302585
653,utokyo_1,0ba6502d-361c-421a-8a66-94ebec7c6895.png,11,11,0.9258812638846311
654,utokyo_1,0bddda9b-2040-46d6-b065-0c3f4356c743.png,27,27,0.773170934231193
655,utokyo_1,0bf07c23-1d8a-4ef3-90a1-6a99bee53799.png,27,27,0.8803664534180252
656,utokyo_1,0d800205-4e3d-4493-92d9-e5306490d332.png,33,33,0.8282562995498831
657,utokyo_1,0e61e2be-8063-4dd8-8d88-c3408d1a5866.png,24,24,0.9155156227449576
658,utokyo_1,11126678-6c43-4bc9-9d38-90c6c38fc075.png,29,29,0.8620155792811821
659,utokyo_1,13dfbb96-8091-4ad3-bc39-53297bb5e7ce.png,32,32,0.782056654104963
660,utokyo_1,14dd64a5-33fa-460a-a048-a9c9cb36784e.png,35,35,0.7849548876285553
661,utokyo_1,1617f79c-b957-471e-b237-35a5e9585420.png,32,32,0.9600494299083948
662,utokyo_1,166d9d35-ccb2-48b5-81ba-255360a38919.png,40,40,0.8982914756983519
663,utokyo_1,19d53a2d-4365-4833-b21f-e6f0fa26ca07.png,29,29,0.9728790439408401
664,utokyo_1,1ad02375-140c-46ba-aee8-90e7fbe2a114.png,21,21,0.7712493570787566
665,utokyo_1,213ebdb9-a0a6-4e9c-9e61-e64e009e1830.png,31,31,0.843457474823921
666,utokyo_1,21dc66bd-f230-4c05-b7d0-5c297b5507fa.png,31,31,0.875723080769662
667,utokyo_1,22253989-7567-4832-a121-b103c05e7dd4.png,25,25,0.7754738736152649
668,utokyo_1,22850eba-2c9b-4df5-a188-b0255e070c58.png,34,34,0.8486207197694218
669,utokyo_1,2341c908-25f6-4980-bba3-16599bda73e1.png,25,25,0.9393593192100524
670,utokyo_1,24d903b2-d297-4303-9324-fa5eab41835c.png,32,32,0.8968722214922309
671,utokyo_1,258b49d0-7feb-40a8-94eb-47ead2874a18.png,24,24,0.8833163523425659
672,utokyo_1,25987b64-2194-4a59-a065-7a94ff9033eb.png,20,20,0.8943648040294647
673,utokyo_1,25c58f22-ae37-4054-b729-a02700a8581f.png,31,31,0.9265100638712606
674,utokyo_1,25ed24c8-d03c-4753-b591-32262e8bdf8d.png,23,23,0.9072550120561019
675,utokyo_1,271b871b-3d47-4ba7-b3f4-39e46ff0b5a4.png,26,26,0.7990630905215557
676,utokyo_1,2745ecec-08e7-40d1-bba8-8ca02eddeac6.png,31,31,0.9049983466825178
677,utokyo_1,29326877-d461-4060-b7cc-829d38ce4d85.png,31,31,0.8764920263521133
678,utokyo_1,297444a2-2542-434b-af6e-e616a578a451.png,42,42,0.8575561731344178
679,utokyo_1,2a9f8a59-54eb-450b-92d8-06257918ea91.png,29,29,0.8939157549677224
680,utokyo_1,2abdce38-85bb-4943-9ed1-b664fd8f3027.png,17,17,0.7602109448874698
681,utokyo_1,2c4b48ec-0caa-4c00-a5da-33b2024d54e9.png,19,19,0.9070270249718114
682,utokyo_1,2dca41fe-2365-4224-9d25-3aaabba74ab2.png,31,31,0.7438176949658701
683,utokyo_1,313c5bec-1328-48e5-a1b1-a46a1440400f.png,31,31,0.8719849596100469
684,utokyo_1,3322238d-f5ba-4d65-834b-32e453efb885.png,38,38,0.8436843933243501
685,utokyo_1,34d70cc4-4057-454c-9873-a28fe08882f6.png,40,40,0.8846526563167572
686,utokyo_1,375c93b6-a062-4e50-879c-4101503bc4fd.png,21,21,0.8759183486302694
687,utokyo_1,383ec649-0019-4e74-a9a2-57292b4b4d8e.png,20,20,0.7466141108423472
688,utokyo_1,3ad0d98f-0174-405e-9df4-591c425e2e58.png,18,18,0.918643530872133
689,utokyo_1,3b8ba722-f11e-4b07-93f5-ffdfc2393fb2.png,26,26,0.9670129257899064
690,utokyo_1,3bf6715d-34af-491f-ae1d-3664a04dc995.png,44,44,0.818748760629784
691,utokyo_1,3e96c428-e057-468a-b488-6f9666fcbb7e.png,31,31,0.9584785488344008
692,utokyo_1,3fdd0b3d-5aa2-47b3-906f-d0f207600a5d.png,27,27,0.8652714810989521
693,utokyo_1,40047aa6-4d20-4a91-ae14-74681a375f26.png,25,25,0.8007503896951675
694,utokyo_1,4486a391-8a25-49de-84a0-3ca7dd8bf634.png,33,33,0.9029230005813368
695,utokyo_1,45e8c0a6-3668-46e4-84d1-0012bb9f3f97.png,27,27,0.8979795144663917
696,utokyo_1,4778653b-61e1-4b60-b961-1731ed46474d.png,29,29,0.9777032732963562
697,utokyo_1,48150767-cd12-467f-9913-388c8935249e.png,33,33,0.8317039170951555
698,utokyo_1,4819dd1e-3d69-475e-b9fb-4b222f15cafd.png,34,34,0.9508620991426355
699,utokyo_1,48c3b8e7-ffbb-485a-8d1d-c3513f9a9166.png,22,22,0.9152284020727331
700,utokyo_1,48d87079-e653-40fd-97a0-51817b4f9cca.png,27,27,0.9075649949135604
701,utokyo_1,499cc3cd-96bd-4569-a01d-f0f157a92d2f.png,22,22,0.9357255243442275
702,utokyo_1,4b3df7b1-4079-4403-bccb-0f1313b0751b.png,25,25,0.9448155164718628
703,utokyo_1,4de7969c-5236-40b9-bf70-ddfb40d65ff8.png,29,29,0.7161046487504038
704,utokyo_1,4e520921-25c3-4cc6-bb28-82f2a8edc6e0.png,35,35,0.8105534826006208
705,utokyo_1,4fe8cbb6-766b-4fda-8621-ce8f5343f559.png,27,27,0.892435367460604
706,utokyo_1,5252d397-8fc4-4bc3-a087-05242236d0d9.png,23,23,0.9066250920295715
707,utokyo_1,52f13feb-1514-4386-bcea-28ce48086a77.png,42,42,0.926235379917281
708,utokyo_1,5470f57a-d802-4173-9ea9-8794ea8aff22.png,27,27,0.9047503441020295
709,utokyo_1,548b3920-385e-459c-a11a-f4354aeddbed.png,28,28,0.8003039147172656
710,utokyo_1,55c4f458-ebbb-4da9-8632-67447e91ef0e.png,35,35,0.8778089838368552
711,utokyo_1,55c63c69-098b-4578-aa4d-d394daf8325c.png,30,30,0.8957497194409371
712,utokyo_1,576fdf6c-b608-4d4b-8bc0-b837000422a6.png,31,31,0.8208404805871748
713,utokyo_1,58fb4ba1-37e8-4aaf-b54d-d2ca51efec82.png,24,24,0.8995062845448653
714,utokyo_1,59fbce29-7bf9-4835-8566-408ca96d3b8d.png,28,28,0.8926645261900765
715,utokyo_1,5a84b01c-b73f-484f-9cd0-0d51fe4347df.png,37,37,0.7754052968041317
716,utokyo_1,5ae307f8-5ace-4855-8304-50b3e6ad948d.png,31,31,0.8837613194219528
717,utokyo_1,5b3f520a-ddf6-428e-bbe7-6278bdc403a5.png,27,27,0.8210328574533816
718,utokyo_1,5c18e861-7d81-4846-be59-a5a57ec18d74.png,40,40,0.8870318975299597
719,utokyo_1,5c4b33a5-67c0-493f-a9b9-abc0c952264d.png,35,35,0.8413292921015194
720,utokyo_1,5d75ac48-761c-47ad-afeb-93347cccb4e8.png,30,30,0.8531845877567927
721,utokyo_1,5e633771-af34-4c79-af4f-7f6bc5ef6e70.png,28,28,0.8987373565988881
722,utokyo_1,5e7fa2f1-5f5e-4d5b-8012-fd0645fe6ce5.png,31,31,0.8079485532737547
723,utokyo_1,5f0f286d-1416-4275-bc58-5cf5ddf8aebf.png,20,20,0.8712426915764808
724,utokyo_1,5f34a537-ebe7-456d-8644-4f1c62997edc.png,26,26,0.8550403817341878
725,utokyo_1,5f804a5c-a995-4f28-a4c7-7eb54eee8ca2.png,29,29,0.8790168741653706
726,utokyo_1,610e684e-1dfd-4fe6-ab2f-0e243ff68709.png,24,24,0.8757619025806586
727,utokyo_1,64083722-1fbb-4666-b3c5-dca9b131cc10.png,23,23,0.906111118586167
728,utokyo_1,6420e8f1-e18e-4d2d-9d79-ff4e9a8790eb.png,25,25,0.9273770567774773
729,utokyo_1,6481254b-5109-4b70-8463-4c6b5cf07688.png,20,20,0.9269732773303986
730,utokyo_1,6517f986-c383-4db7-8777-4231316ae96d.png,37,37,0.8448396156756756
731,utokyo_1,65ade108-87b3-4943-8494-c616624904fe.png,35,35,0.8526103913784027
732,utokyo_1,6b141aae-c25c-4dc2-be03-95f6fd5f1b84.png,30,30,0.8543897286057472
733,utokyo_1,6d8bb001-0a58-4f06-8aae-c5cb62d295c6.png,31,31,0.8678595442925731
734,utokyo_1,70802321-0f49-47e3-ad78-1f8459e35459.png,24,24,0.8737207210312287
735,utokyo_1,70fd8b91-a947-4111-9e4a-45ca7ce4248c.png,37,37,0.9189469765972447
736,utokyo_1,71160628-de12-495d-a1c2-ef2eb2edf221.png,23,23,0.8624954962212107
737,utokyo_1,7178663a-c29a-489a-9e60-170d080b3eb4.png,22,22,0.9852211014790968
738,utokyo_1,71b2b7e0-56b3-49db-8e2e-2f39f61249b5.png,20,20,0.9338685959577561
739,utokyo_1,71d45017-c31b-43c9-b4f9-6a117c4fc6ae.png,29,29,0.8218099279650326
740,utokyo_1,71e6b95d-38b9-4673-8333-feb778979cec.png,29,29,0.9164686269801239
741,utokyo_1,72dc492f-6cde-4fbb-864b-cc8e16133f5c.png,23,23,0.8430233895778656
742,utokyo_1,74c0ed49-bbd5-448b-a96f-c0eb9bbf91f0.png,34,34,0.8125746667385102
743,utokyo_1,753e0ca8-97ef-4789-8277-4bc5518c46bd.png,29,29,0.8683825505190882
744,utokyo_1,dd0c1bd9-e3b6-457f-a04e-8c9240c20bdd.png,28,28,0.8820483801620347
745,utokyo_1,77561352-12ea-4a89-927b-08b95c2d6f64.png,51,51,0.8042082668227308
746,utokyo_1,779f12e5-d24e-4ff8-bfcb-20a5f1e54d55.png,29,29,0.9249219164766115
747,utokyo_1,792d757e-e47b-4729-98c3-d67340cd1549.png,31,31,0.8295994814365141
748,utokyo_1,79318a75-bc4b-4985-a714-33536d04de99.png,24,24,0.8301902245730162
749,utokyo_1,79c1ea1a-0c80-4172-9714-228756795329.png,31,31,0.8537862377782022
750,utokyo_1,7b2172ae-1de7-4f64-9574-affc3ad2ba9e.png,17,17,0.6543344899135477
751,utokyo_1,7d0ef94d-d199-4e03-b026-ff63ef704550.png,30,30,0.8409343183040618
752,utokyo_1,7e356deb-65e1-41f8-b9a4-01e23baabf70.png,29,29,0.868180767472448
753,utokyo_1,7f1293bd-2207-44ec-a79d-e733a1e09642.png,24,24,0.9078696221113205
754,utokyo_1,7f718af5-6f2f-47a9-a474-4f018769ceb1.png,23,23,0.862548999812292
755,utokyo_1,7f97b721-1f79-4d4c-892b-2c15b70709e1.png,29,29,0.8764012219577
756,utokyo_1,81792c7a-e1e0-4115-86dd-66cfae301735.png,22,22,0.7811271060596813
757,utokyo_1,82fb9010-d7b0-4ff3-9ab8-7e05f144e9e8.png,33,33,0.8406945006413893
758,utokyo_1,8663690b-dbe1-44e3-890a-e39b03701e73.png,40,40,0.9303384065628052
759,utokyo_1,86e58b0b-3830-4697-b4a9-1e1f6bcafe06.png,21,21,0.8774523806004297
760,utokyo_1,889f9aac-996b-4b12-93ed-cce7e746fab2.png,26,26,0.8313689730488337
761,utokyo_1,88b4941a-8078-4134-838e-71adbfef58c8.png,17,17,0.9265564925530377
762,utokyo_1,8954c51a-aa75-444e-b570-b1dee772ecb0.png,28,28,0.8935059146689517
763,utokyo_1,8a27cdf2-d7e6-4ebf-84d6-8d5f7b67b2d4.png,25,25,0.8671597856283187
764,utokyo_1,8a3899e8-d7f6-45a9-bde3-b17165d997b8.png,40,40,0.8804115802049637
765,utokyo_1,8a6b5a54-d03e-409d-9f4d-d3c22dce145f.png,39,39,0.8877465423101034
766,utokyo_1,8c7abaa1-6288-489f-a247-0744291546fa.png,39,39,0.9136410149244162
767,utokyo_1,7e51f339-de76-4058-933d-1e41910126fb.png,31,31,0.8452655644186081
768,utokyo_1,800580c0-7b23-4c2d-8445-476d2a25c02a.png,39,39,0.7752334314661149
769,utokyo_1,8dc8b9cb-c4d4-458c-bf39-8f365e0d86b0.png,35,35,0.9570905651365008
770,utokyo_1,9090a9cd-5272-4490-9916-ad5dca16ff61.png,33,33,0.8211087489669974
771,utokyo_1,931a8d00-4ad5-4e56-a56a-975b35fecc4a.png,17,17,0.9250959473497727
772,utokyo_1,943df87f-ebd4-48fa-9111-6278776e7c0e.png,24,24,0.8733939959978064
773,utokyo_1,94a56bbc-e907-40ed-b2b2-96fdad574839.png,32,32,0.8893313501030207
774,utokyo_1,95faac13-c0c0-4ad6-9c63-f3fc7b0b12d4.png,20,20,0.9243195131421089
775,utokyo_1,9791f341-e7a9-409c-b5ba-caefd0e7f7f1.png,41,41,0.8539228413890048
776,utokyo_1,9793fb8f-ba7b-4c26-8b67-82f3a22e6854.png,14,14,0.7919983688209739
777,utokyo_1,995f283a-d338-4927-b88f-ceedb64e49f5.png,37,37,0.8994440408171834
778,utokyo_1,9a9f73ec-9dd8-496a-abc5-508a7d1197e0.png,24,24,0.878978269174695
779,utokyo_1,9b764f8b-711e-4cbf-9430-0a45ee6d3596.png,30,30,0.8552771647771199
780,utokyo_1,9cd1976f-1312-47e5-b286-bcc9431f665a.png,30,30,0.8819472283124924
781,utokyo_1,9e648b90-e5b6-44b0-a7bf-5827e26075a4.png,23,23,0.9386298404347826
782,utokyo_1,a0709a1c-098b-4a33-aa14-c5148447c34f.png,19,19,0.7901914825564936
783,utokyo_1,a17dafa1-bf2c-4d63-8e8f-b3bc21c18073.png,30,30,0.904681867857774
784,utokyo_1,a1aca448-0174-460b-97bf-591a69f66f59.png,28,28,0.9338945033294814
785,utokyo_1,a1f4fbb3-5b09-4011-98a0-a760d8dfe648.png,17,17,0.8942281638874727
786,utokyo_1,a2a462aa-d725-4b14-a2ae-0646defc5549.png,24,24,0.7462863860030969
787,utokyo_1,a2bd6945-8903-44cd-bdd6-76d715371b22.png,22,22,0.8621443103660237
788,utokyo_1,a39eb72e-ce30-470d-be27-a702ff8e334f.png,31,31,0.849152946664441
789,utokyo_1,a4e61ff6-9ce8-492d-8930-ad42623d6366.png,32,32,0.892165438272059
790,utokyo_1,a5375e51-5501-45b7-a1dd-603a71ca275a.png,28,28,0.8945341567908015
791,utokyo_1,a5aff5e2-ac09-485b-958d-3a1a54c6233e.png,32,32,0.8974031913094223
792,utokyo_1,a5b1789e-63b1-44ac-a2b9-6dd4924105d3.png,38,38,0.9546835271052633
793,utokyo_1,a6b507d7-4d33-455e-b63b-3ad32231f440.png,17,17,0.8616724031813005
794,utokyo_1,a82bd523-e0f6-4ef9-9cf0-c44fcb983b83.png,33,33,0.8018356561660767
795,utokyo_1,abb66481-0c0b-4090-900d-cf6245c15ced.png,32,32,0.953735800459981
796,utokyo_1,abbd610f-ae72-4ba4-a38b-2b41c84cded3.png,29,29,0.7571413357710016
797,utokyo_1,ac12cbff-4d11-434b-9a34-e36dc7af9224.png,24,24,0.8600634016717473
798,utokyo_1,ac1ca510-441a-453e-82f0-d49599566782.png,39,39,0.8496015039392006
799,utokyo_1,add1e1e8-fe1b-4faa-9880-275900912a66.png,31,31,0.8426841689694312
800,utokyo_1,ae9ac275-12cf-4d9e-bd16-119b709bf345.png,32,32,0.8640423961915076
801,utokyo_1,b05da2f9-9329-41cf-84ea-4d0a4f6b4d01.png,19,19,0.7450111312301535
802,utokyo_1,b10e40da-1eba-455c-ad41-61c590873e42.png,34,34,0.9183266706326428
803,utokyo_1,b22daba2-7d77-4ce2-9cb1-4adb0cfa38e5.png,36,36,0.8365705931352244
804,utokyo_1,b3e90832-faae-480c-8fed-4229430f8b13.png,33,33,0.86446252
805,utokyo_1,b6899da2-391c-4db9-8044-88e86d0a0eac.png,27,27,0.8532327987529613
806,utokyo_1,ba301392-e4c1-4c60-aae1-dbfdbe513b24.png,27,27,0.9035752448770735
807,utokyo_1,ba98bb97-9475-44d0-b2c5-61793867ae46.png,21,21,0.9053682259150914
808,utokyo_1,baf4810e-39e3-4c06-ad4d-8082fa77575e.png,34,34,0.7952316652941175
809,utokyo_1,bb66faad-5204-4804-8b03-bf361d2f2cf4.png,32,32,0.9551295451819897
810,utokyo_1,bb72b410-0bdd-49d8-a0cc-09ee50f0a025.png,20,20,0.8955802112817765
811,utokyo_1,bbb0f8b4-4708-41ac-b21d-aa5df0c81a3f.png,29,29,0.8875793013079413
812,utokyo_1,bbebbf9b-2a79-4d15-af4c-3567d4c29375.png,28,28,0.893031086240496
813,utokyo_1,bc45f17f-245e-4de9-a19e-15e5904b827f.png,31,31,0.8533901211715513
814,utokyo_1,be87efc9-1cc2-4521-8a53-cf220d387554.png,11,11,0.7337792502208189
815,utokyo_1,c0625317-9f7c-451f-93ef-fb72ce963b5b.png,27,27,0.8834575591263948
816,utokyo_1,c072b839-ef43-4487-9d48-4a1843cecf0d.png,23,23,0.6858029372018316
817,utokyo_1,c08d89ba-a2fc-40f7-958d-a02cadef75cb.png,36,36,0.8660814075006379
818,utokyo_1,c0c2a447-b2b8-4aa4-80b9-06a216094927.png,29,29,0.8991186300228382
819,utokyo_1,c0e89510-f780-4fe6-ab51-d6d91f8d99ec.png,29,29,0.8025240183904253
820,utokyo_1,c0ede7f7-fe56-45a4-9831-95cf9761d47e.png,30,30,0.7889146347840627
821,utokyo_1,c11325f6-1401-4604-b916-d9529913d177.png,31,31,0.9387031620548617
822,utokyo_1,53b1f36a-9ec0-400b-932a-31672c69074c.png,26,26,0.9156989248899313
823,utokyo_1,c1d869ad-cabb-4ad5-a9fc-5120264f8301.png,35,35,0.8489826585565294
824,utokyo_1,c2016c44-ce3a-416c-a28a-be40c4573d90.png,24,24,0.9349153339862823
825,utokyo_1,c22328b4-52d4-4ed9-851f-9812aa92fd2d.png,23,23,0.8081022131702175
826,utokyo_1,c2fca987-127e-44af-a136-a330fbe29f8a.png,24,24,0.953097698589166
827,utokyo_1,c61265f4-760b-4cbe-9b92-3ec95385a7a4.png,23,23,0.8665187430122624
828,utokyo_1,c67d5814-42ad-448a-8944-e7611c72dbff.png,21,21,0.9520421510650998
829,utokyo_1,c6d8a3b7-6fc9-4109-ba02-f0865177686a.png,39,39,0.9089997823421772
830,utokyo_1,c73c9d50-ccaa-42a4-a66e-feba4d60dd1f.png,23,23,0.837377307207688
831,utokyo_1,c7862d11-29bc-4b9b-a2f9-7a00ad5f2968.png,42,42,0.8156749368068719
832,utokyo_1,c9c7a0b0-fa5e-4566-84d0-13a1cb065d9a.png,25,25,0.9072980380058289
833,utokyo_1,caf8b163-3600-432e-a448-874df96087d3.png,25,25,0.8439856743812562
834,utokyo_1,cb89d36a-5b33-4bf1-818d-9f7950764cc7.png,29,29,0.8929058251709774
835,utokyo_1,cb9d853c-6629-4bcf-b42d-f8e438538ab0.png,34,34,0.6963095634299166
836,utokyo_1,cbbb4a87-11ec-447d-843e-e83e3162ebb7.png,22,22,0.8395854729143056
837,utokyo_1,cd5af801-f3a0-46af-b9f4-60dfed310278.png,20,20,0.9813582867383956
838,utokyo_1,cdbbc008-f567-4890-9f19-78955b660905.png,35,35,0.8209994729076113
839,utokyo_1,ce18e566-10fe-470b-af0e-d5143c3096b2.png,30,30,0.9591311872005462
840,utokyo_1,d13fdaba-8b84-4d90-b80c-0914108ca11b.png,25,25,0.8223698425292969
841,utokyo_1,d1e40c21-3175-457c-b118-5aeb12ad2c71.png,30,30,0.8354205961028734
842,utokyo_1,d1fefec9-35ca-42e3-940f-f5f19943f569.png,31,31,0.9094556995457218
843,utokyo_1,d25ab3dd-77d0-4429-ba8b-f7974c020be3.png,31,31,0.8764523844565114
844,utokyo_1,d2dfb818-2273-4f08-ae5b-32919a9d5e74.png,39,39,0.8091328598749943
845,utokyo_1,d2eaea22-854b-4665-a7c7-0a70fcf24370.png,27,27,0.8623289388638956
846,utokyo_1,d301e9f4-5673-441d-9351-204cf0f28bdf.png,30,30,0.8596357201536496
847,utokyo_1,d31885a3-ac8b-412d-a9a8-bc4e99082df6.png,37,37,0.8628488174966864
848,utokyo_1,d3305f44-e315-4502-aafe-474e5970570b.png,27,27,0.8372262484497495
849,utokyo_1,d3cc94a6-d8b5-4e03-9ef9-fd2433baacf8.png,30,30,0.8957879900932312
850,utokyo_1,d48515c6-fcb9-4876-9413-47c8009f814d.png,25,25,0.8215438130497933
851,utokyo_1,d54319cc-1d30-4b8d-b067-c91c078ba96d.png,28,28,0.886323596749987
852,utokyo_1,d57c3c49-2d89-4428-86a0-457860ee8691.png,5,5,0.7382496207952499
853,utokyo_1,d85eec28-9b72-4326-85ea-f62bb7d7e990.png,28,28,0.8878758853035313
854,utokyo_1,fa92bf97-658f-46c9-aeed-ee69e628a74b.png,27,27,0.8697884568461666
855,utokyo_1,f59ca8bf-a835-4685-94c9-6019a357fae3.png,36,36,0.8367811265505023
856,utokyo_1,d8635c9c-3737-4020-9535-f553c7a0261f.png,33,33,0.8522540999181343
857,utokyo_1,d4d02dee-ea54-45c6-88f9-58c2aef4b41d.png,22,22,0.8422670611603693
858,utokyo_1,d2c7aa23-51a0-4066-8006-f8cbfbaead27.png,25,25,0.9349862694740295
859,utokyo_1,c9627780-0a5c-411b-84f0-b7a6dbbdb546.png,39,39,0.8949876160193713
860,utokyo_1,c26b4554-8de6-430c-bd48-90f8485b4efd.png,31,31,0.7170020178441079
861,utokyo_1,bed884ca-718c-44e0-88e5-eeca3efd62d1.png,30,30,0.9133930246035258
862,utokyo_1,a9f9165f-1127-4f83-8f35-d4014fce302f.png,22,22,0.9355993027036841
863,utokyo_1,b09d3b07-9a8a-46f5-b72e-c62f21d699c1.png,31,31,0.8709030252310538
864,utokyo_1,af525d1e-9468-407f-abc4-332b4c2b8b76.png,33,33,0.7588287210374167
865,utokyo_1,16e44e47-160d-433a-a934-bd9088ebfde0.png,28,28,0.8579499327710697
866,utokyo_1,a9ae88a0-5234-4746-a8d4-8445fcb52d3e.png,38,38,0.8603082255263158
867,utokyo_1,a28cc174-a12f-42a3-82f8-a9d85a9cb21a.png,37,37,0.8722169226085817
868,utokyo_1,1ed6f32f-b5d1-4370-bdcf-c100299c6a7f.png,29,29,0.7275629349309822
869,utokyo_1,48ff5c10-dd46-46e3-a60c-642a0e8e2265.png,29,29,0.8784602197079823
870,utokyo_1,6563f121-117c-4e97-b878-b3a4ced43a01.png,40,40,0.8540589300915599
871,utokyo_1,0870451c-a756-4d9b-8262-38a11130905e.png,35,35,0.8525222016232354
872,utokyo_1,66e09afd-4751-46e3-bff9-074e76ddff38.png,13,13,0.9441908941819117
873,utokyo_1,7b233178-b8e3-4d71-b9f4-6f5498a82051.png,25,25,0.8728043925762177
874,utokyo_1,57bedeff-0421-4431-a025-e50761325f40.png,22,22,0.8866108005697076
875,utokyo_1,537897c2-b0d5-41cc-9943-e22258b61f57.png,35,35,0.9266061697687421
876,utokyo_1,221b1857-8216-48b9-a9ce-a02b07ed9e83.png,36,36,0.8382282675140433
877,utokyo_1,76a3f0f7-e3bc-4823-8e56-0b8bba28ccb3.png,30,30,0.8703652799129487
878,utokyo_1,21b19802-4a1a-454c-b405-a71fda9cb92c.png,22,22,0.9572250680489973
879,utokyo_1,1db355a7-327b-4ba5-966b-d8addaa04747.png,20,20,0.9296588808298111
880,utokyo_1,1684f0a4-20ee-4eef-abf9-eaf281042c32.png,25,25,0.9051409137248992
881,utokyo_1,18d03ac8-8375-4b2f-b391-214e8c4cc419.png,12,12,0.9302033682664236
882,utokyo_1,f6259a9c-d4e8-422a-b154-16bca47059f2.png,16,16,0.8411230724304914
883,utokyo_1,ecc42555-9796-406c-9e94-11325b39da82.png,25,25,0.9120474600791931
884,utokyo_1,e476a673-38eb-43f6-b22d-d35ed9193910.png,36,36,0.8796157605118222
885,utokyo_1,d549e58e-3fe8-487e-a1ed-a47d27f1e469.png,23,23,0.8444878964320474
886,utokyo_1,b781cc03-e0c7-4643-8b96-c5ff85ec4433.png,35,35,0.8566543170383998
887,utokyo_1,a78206b4-716b-4a35-8766-8d80d133b03d.png,20,20,0.8702688357234001
888,utokyo_1,adef160f-1b89-40e2-ae24-84bc35c21ad9.png,26,26,0.8367342089231198
889,utokyo_1,b705e46c-5738-4c00-9cea-a73a7a293e8e.png,23,23,0.8221338235813639
890,utokyo_1,af08de6a-e13d-43ad-9bd2-7e413aa26d45.png,30,30,0.9040299157301585
891,utokyo_1,a0decbd9-591e-4085-8e1b-788b00491603.png,34,34,0.9142222351887647
892,utokyo_1,97b077fd-04ee-45ae-9d77-0821b05fc9e3.png,33,33,0.8916021106821118
893,utokyo_1,523ea89b-445d-4cbc-9707-44d1c3d449e7.png,23,23,0.9302321763142295
894,utokyo_1,1914cb78-4afd-41dd-8ff0-d1211b7739d8.png,30,30,0.7929358050227165
895,utokyo_1,8d1530e3-6d6d-41fa-837f-622ed7a1dc9e.png,25,25,0.9482962322235108
896,utokyo_1,6e92ecc6-eb36-4760-9d27-a86bc0948ed0.png,22,22,0.9132838533683256
897,utokyo_1,81c72766-afea-4848-8369-b81f61f00de7.png,22,22,0.9278746166012504
898,utokyo_1,499485d1-aab2-4c2d-b2fa-3ad71ecb201e.png,33,33,0.8873754264730396
899,utokyo_1,0dd7f738-9f92-464a-94aa-e643c8bf7a3d.png,31,31,0.856031263547559
900,utokyo_1,0a8b589a-a972-43cc-87e0-91d4afe7fe71.png,30,30,0.9348331948121389
901,utokyo_1,19a75df8-ea73-4a1e-8ba0-89ef2bbb10d3.png,20,20,0.8349676415324211
902,utokyo_1,0d300cb8-455b-4b2c-a820-e75b44e68a1c.png,22,22,0.8641993444074284
903,utokyo_1,0a7332bc-6ba3-428a-b661-22e77de7fdfc.png,26,26,0.7541076965056933
904,utokyo_1,60db5543-d89d-4a36-90b7-8a3a5a33ca17.png,45,45,0.7914236111773385
905,utokyo_1,5e718d5b-f6c7-4510-9729-feda17ccc490.png,22,22,0.8299475319006226
906,utokyo_1,4eee38f7-deb5-4603-96b9-c80954b21b8f.png,23,23,0.869665418630061
907,utokyo_1,6baf7e98-02a9-45eb-8b65-3a769657c55f.png,17,17,0.8777472709908205
908,utokyo_1,1a321f89-617a-4814-abef-155b64a759d6.png,19,19,0.8907371249638105
909,utokyo_1,67eabbe8-e2a8-48f4-bdbf-628d3d0d8c17.png,36,36,0.8251084515617954
910,utokyo_1,e60e80eb-b874-45c5-a662-b111284cac7f.png,31,31,0.874526578091806
911,utokyo_1,ce7b98b4-3ed8-4aff-9512-4c8cce2051dd.png,28,28,0.8489432430693081
912,utokyo_1,c73aad1a-dc81-40fe-bbb2-3b474f3146d6.png,29,29,0.9375854977245989
913,utokyo_1,ba19cfd0-9a05-4532-b8c3-6cb498c4c1cc.png,26,26,0.9154796439867753
914,utokyo_1,a0bd72f2-8b96-4ce3-b6ad-4d352afad9d6.png,39,39,0.8619198843072622
915,utokyo_1,a7d71bbf-57b9-49fb-8b55-cefbdca7cca5.png,28,28,0.8669853710702488
916,utokyo_1,8e983efa-fbb5-485e-8722-69145151083d.png,27,27,0.9000365976934079
917,utokyo_1,82ab313a-f312-46a9-93f1-beab072337fc.png,34,34,0.8648786930476918
918,utokyo_1,83486446-f17e-4a53-b554-bf2221022688.png,24,24,0.9036880657076836
919,utokyo_1,4a76a8a1-8d01-4f69-bf12-a0fe628005e9.png,27,27,0.9112408166682279
920,utokyo_1,15fa93d3-dd70-439e-aa1b-b59436db4a63.png,21,21,0.9820741500173297
921,utokyo_1,11eaac8e-6715-470e-984a-78b1954aa10c.png,24,24,0.8963850811123848
922,utokyo_1,084ec236-dceb-477e-9358-40f184bdafd7.png,25,25,0.8935082244873047
923,utokyo_1,08c5ad1e-b6bf-41ed-ac9d-4c9cdc7b6e59.png,25,25,0.9045089113712311
924,utokyo_1,232e1334-971a-4f74-8977-e596dd807aad.png,49,49,0.8395547223638515
925,utokyo_1,046108b7-c9d1-4ede-8456-f35768973378.png,37,37,0.8771287851236962
926,utokyo_1,01f357cc-181e-460a-bc12-6e578ee41182.png,32,32,0.8835680894553661
927,utokyo_1,809de385-4ef8-4214-8876-6e10461cb0f2.png,27,27,0.895309430581552
928,utokyo_1,1bab73a5-ec19-40d4-a247-b54b283e66d8.png,15,15,0.8245811522006988
929,utokyo_1,417201c9-0ec0-4cb7-8ea2-7e42379109f2.png,36,36,0.9248652011156082
930,utokyo_1,2adbffbf-fc6c-4be9-a340-28fd948e5115.png,25,25,0.9120665740966797
931,utokyo_1,5ad274e2-11df-42e2-ab35-33dafc501fd1.png,28,28,0.7793458322329181
932,utokyo_1,2c1476e3-6996-4902-902a-446f997b5f53.png,24,24,0.8755775280296803
933,utokyo_1,16f868cf-13a2-47d1-acc3-b194e07c275d.png,26,26,0.9301340075639578
934,utokyo_1,2ba4bffa-0e76-4a17-a8b0-39a7e423d796.png,19,19,0.8935622902292955
935,utokyo_1,685ca965-ab9b-4446-916d-b5dd1e266c3c.png,41,41,0.8600735944218751
936,utokyo_1,1a5392ce-f7f5-4e91-a794-ced4ed6809ea.png,20,20,0.8573451712727547
937,utokyo_1,6e207973-d450-4a81-b442-cf7f8e6e0a08.png,32,32,0.8823644369840622
938,utokyo_1,d7fa1a83-e211-4928-8d34-343f756fcb1a.png,30,30,0.8801422218481699
939,utokyo_1,d1de6c09-ccd4-49f4-89c8-9bb3437d7357.png,34,34,0.8850100364755181
940,utokyo_1,cdc06955-98d2-4ed6-b810-e6c686d79754.png,27,27,0.8449081063822463
941,utokyo_1,bae850d1-cfdf-42e4-94e1-35df894d78e7.png,30,30,0.8287662535905838
942,utokyo_1,ac47ba3d-7518-49be-a87f-3b648b67567e.png,16,16,0.8246173178777099
943,utokyo_1,aea9692b-6a7f-447f-842a-e53b5d6c0407.png,11,11,0.9260263659737327
944,utokyo_1,9eba45d9-b4c9-4f22-9bb3-e7aa7fe7689f.png,29,29,0.8158204583772297
945,utokyo_1,821a78f8-4e95-4ceb-95b0-5fa598e239a9.png,36,36,0.8769108230868975
946,utokyo_1,4575ac31-eb94-4e4c-8720-fda3db5d39b9.png,27,27,0.8160745688888889
947,utokyo_1,0fdb0ae7-4d54-4ab8-9624-71d76201821c.png,25,25,0.900254536
948,utokyo_1,03e2d6f1-77ee-430d-af62-ed5089f15b98.png,24,24,0.9174713864922523
949,utokyo_1,62f97c43-12a2-488e-a38f-db330d4aecd4.png,16,16,0.8299718387424946
950,utokyo_1,600538a0-9d1d-4aa2-a15c-d175f9e94774.png,30,30,0.7894773612419764
951,utokyo_1,7774bf59-2b44-4ca1-8fe7-b2ce72260a95.png,32,32,0.9052236308343709
952,utokyo_1,36a6e598-9bca-4c82-8547-f25d78950125.png,23,23,0.9729716492735822
953,utokyo_1,50f9389e-1cc1-46c2-82af-06bd9abaea2d.png,41,41,0.7793922293476943
954,utokyo_1,52bf3698-100e-4027-a39f-c5b3d3498ad1.png,42,42,0.8534833334741139
955,utokyo_1,2722347e-4fb8-4a93-89e7-b39f5c4ee5a4.png,15,15,0.9048828919728596
956,utokyo_1,2cb1db29-5680-453d-a219-a5b749efa9c1.png,35,35,0.8934112357241767
957,utokyo_1,38e96814-5eee-435b-a66d-739c2e944f16.png,32,32,0.9482762161642313
958,utokyo_1,5173b637-b54a-4b1b-a500-9d265a3bc87e.png,28,28,0.8262612878211907
959,utokyo_1,501071be-88c3-493f-9eb6-032a13206454.png,24,24,0.8841990691920122
960,utokyo_1,78eabafb-ea2a-4440-8e63-c6f53bc18e19.png,22,22,0.7329941642555323
961,utokyo_1,77728f22-3404-4e0b-b493-30555ba66763.png,27,27,0.9516993060156151
962,utokyo_1,299e6404-7619-4ec6-ab8b-02c8feef9ceb.png,26,26,0.8253602700737807
963,utokyo_1,761bdd1c-7a47-4b05-a323-38238ea3af50.png,34,34,0.7999759610084927
964,utokyo_1,6a401e9c-2860-4957-8543-ec413929f0c8.png,39,39,0.898885727310792
965,utokyo_1,33f183a5-399a-4de5-99e7-8458d2413e46.png,37,37,0.831231634761836
966,utokyo_1,ccece55b-6f08-4675-8859-4f79a79c1a51.png,26,26,0.9379741022220025
967,utokyo_1,ca4f972d-17c3-4ab9-b2d6-96a1ec99a386.png,32,32,0.8012174745090306
968,utokyo_1,c8c6207a-a2c3-4382-a82c-464082f406ef.png,28,28,0.7719431213502373
969,utokyo_1,c25ebf69-0859-4032-8140-2e5328fac5a8.png,36,36,0.8687170191357533
970,utokyo_1,c1ccb1e9-efd8-4df6-a19d-20447288a029.png,40,40,0.894485504925251
971,utokyo_1,b3298c89-5c52-4db1-b509-8288ea08f791.png,23,23,0.8727742031864498
972,utokyo_1,a24bbbcb-d558-413c-afbe-b289c2f0eccd.png,40,40,0.9120334379374981
973,utokyo_1,8c5ad623-c59a-419b-9447-6ad4f38063c6.png,29,29,0.856278256095689
974,utokyo_1,4d50c1c0-5006-4fa3-b60a-fbca6f75b2c5.png,19,19,0.89060519949386
975,utokyo_1,4c08bb23-bcb1-483e-970d-a374b4f21259.png,33,33,0.9194568133715427
976,utokyo_1,4a9e357b-99bd-4eb7-94f5-fed2fa2695e7.png,30,30,0.9103643763333334
977,utokyo_1,3fd76e95-aa02-4093-bd04-48da9803cf82.png,28,28,0.8972905661378588
978,utokyo_1,6633f0bc-1aa3-4b28-92ae-bcbc30f19aaf.png,21,21,0.9837854228571429
979,utokyo_1,13c71bd2-7911-4c8c-9f5d-9ca834de1d3d.png,35,35,0.867109689116478
980,utokyo_1,2ef07a25-fc9a-48f3-9f88-39397b26f704.png,27,27,0.8400821619563632
981,utokyo_1,1633c1b0-d458-4634-a14b-9e45e57eebed.png,35,35,0.6593114195551191
982,utokyo_1,0e34fe16-501e-4699-92c4-394113beac57.png,29,29,0.8567927772628849
983,utokyo_1,09ebd408-1729-4b3c-8890-0e69150819ac.png,32,32,0.8497502021491528
984,utokyo_1,54e47106-6619-4aab-914e-31b405bc191b.png,26,26,0.9268248723103449
985,utokyo_1,09be412d-e7fd-478b-affa-23a7db884bc4.png,39,39,0.8348160345584918
986,utokyo_1,0550357d-104c-4c4e-abbe-043196ce87fe.png,40,40,0.9296933270990848
987,utokyo_1,7fb55d71-9b69-4ff9-b192-784966d1d393.png,34,34,0.8056419805130538
988,utokyo_1,2063475a-adcc-4e76-be27-ef5642bc90f1.png,29,29,0.8733276992008604
989,utokyo_1,69b1c24e-3eaa-48d5-a577-7b12d975a0be.png,41,41,0.8047810420393944
990,utokyo_1,79c01cef-b3e1-4c5b-9b42-1cde52611e72.png,40,40,0.8113707727193832
991,utokyo_1,77dc7273-f633-461d-8e6a-fc33602e3c97.png,25,25,0.8956198453903198
992,utokyo_1,2e5e3c61-c21e-41da-9acf-0df55c1a5864.png,42,42,0.8508964947291783
993,utokyo_1,1a42c85a-276e-4693-acc4-3c3f7c15097a.png,49,49,0.8525160009763679
994,utokyo_1,ecc2ed94-9341-4d58-94d1-b5695cc1f85e.png,35,35,0.9373879151684897
995,utokyo_1,e6c53740-864c-4ec4-82dc-b15a396e3831.png,29,29,0.7834256820637604
996,utokyo_1,d8758970-4577-4efb-8b50-7b60e2c830bc.png,22,22,0.9248150587081909
997,utokyo_1,c3c9fc42-e5e3-424e-ab75-d3071a03a1a6.png,24,24,0.8322483872373899
998,utokyo_1,b54db2d1-0b1d-4eee-b448-f22f6b2be69a.png,32,32,0.8789174761623144
999,utokyo_1,be3a591a-a2b6-4c11-a991-f1f86d283269.png,30,30,0.8849445809920629
1000,utokyo_1,aefacf26-1f39-4208-b2ad-d5521716e7cf.png,31,31,0.9103896382354921
1001,utokyo_1,a2ddc9aa-5cfb-4054-9823-45c88efab941.png,29,29,0.801825513099802
1002,utokyo_1,a038eaa2-45fc-41af-bf82-d19b009f35a0.png,34,34,0.7950795292854309
1003,utokyo_1,9d036aa5-acaf-4654-99a9-43c8dd5568a8.png,44,44,0.8597446019676599
1004,utokyo_1,93835cf0-5125-407d-bdf7-d73d95fdcaf9.png,42,42,0.8365825474971816
1005,utokyo_1,4d116986-c783-4fa1-a535-f3e58a15e87c.png,30,30,0.8327943861484528
1006,utokyo_1,4bcfd120-6d28-4e36-aebf-9bb7b4015b28.png,40,40,0.9058988608419896
1007,utokyo_1,586e353f-fc1f-4b8e-af94-287798801579.png,27,27,0.9540142496978795
1008,utokyo_1,70262c6d-8a4f-434f-bab3-584c7e13a308.png,22,22,0.9184954843737863
1009,utokyo_1,0321618d-dbb6-4f79-a681-8316bd25f1d4.png,41,41,0.9138049643214156
1010,utokyo_1,4a2cad17-4ddf-4f0c-a079-3f3b190207fd.png,27,27,0.8666800039785879
1011,utokyo_1,061043d2-f7f8-4b73-80b3-5560286c96b4.png,41,41,0.8700600833427615
1012,utokyo_1,7dd70cfb-b347-4b4f-96eb-d4a19b11f8dc.png,38,38,0.8357218986279086
1013,utokyo_1,66bda414-8df5-4597-ac89-86d282f26065.png,38,38,0.8519251601476419
1014,utokyo_1,60d676f4-d5fc-45e6-b72c-086db5b5d1f3.png,23,23,0.8010251016720481
1015,utokyo_1,532c381c-765e-469c-9a54-3100caad4582.png,34,34,0.87806857158156
1016,utokyo_1,4d9889fe-d9bb-4a48-9eff-e0d6c8633981.png,37,37,0.8770319587878279
1017,utokyo_1,287b94bb-4f7a-40f8-8622-17ea20e0cb3d.png,34,34,0.8519147723529412
1018,utokyo_1,73dfa937-041c-48c3-8cd6-b4b093e26642.png,29,29,0.8569329663597304
1019,utokyo_1,1ab82920-8d32-45b3-a0cf-868d753ef451.png,38,38,0.8303068617456838
1020,utokyo_1,17fc080a-fabd-43ae-bdd3-565e3db951a5.png,25,25,0.8699325382709503
1021,utokyo_1,3b72eb4e-1cc2-4514-97f1-90ac3da0d32a.png,34,34,0.8153394592158935
1022,utokyo_1,f3747566-8996-4835-89c1-fc91e287c443.png,33,33,0.8229211031487493
1023,utokyo_1,f092ea01-d89f-4ca6-9160-c481e3f188ed.png,25,25,0.9097118675708771
1024,utokyo_1,ee0eb25b-6150-46bb-a585-f4f339cb5965.png,36,36,0.8457600279814668
1025,utokyo_1,e4520646-269a-4072-99cd-eb9f2b931cd0.png,25,25,0.9327610176801682
1026,utokyo_1,dad6619e-2ef2-4112-ab21-8c56a01f0701.png,35,35,0.8488248446158
1027,utokyo_1,c8bd4bfc-e2d7-47d8-8342-646de713933b.png,30,30,0.844557472
1028,utokyo_1,be7e5ab8-4c45-4571-91f5-e1d5087f484d.png,22,22,0.8762933240909091
1029,utokyo_1,bd48806d-6766-4d93-bcc6-046dad6bd2d6.png,39,39,0.8445123040523285
1030,utokyo_1,b66c0ba2-c4e7-4c6f-8ba6-8dcc8e1d98bd.png,10,10,0.7310292027890682
1031,utokyo_1,9ee46e12-7f82-454b-ab8d-600b5d52d982.png,24,24,0.9688313280542692
1032,utokyo_1,b5091011-fd94-4d0d-b0bd-a64d899b1e6c.png,29,29,0.9167924538768571
1033,utokyo_1,ae7f40e5-4e1e-46aa-a963-a8e6522489bb.png,27,27,0.8380534946918488
1034,utokyo_1,b0e811c9-88df-49d6-a439-9c41ca1fe3a5.png,34,34,0.9065181279883665
1035,utokyo_1,8e294fb8-40c6-4d6e-bc9a-54dc045b565e.png,34,34,0.8673363367424292
1036,utokyo_1,a61ae59f-f5f7-4d08-9164-6649bebea156.png,30,30,0.9399749979376792
1037,utokyo_1,8afd4e9f-439c-47ac-bc3b-407be808de43.png,35,35,0.8603912032076291
1038,utokyo_1,4c091371-3ce7-4ce4-9972-2c38f0675a1b.png,28,28,0.8508264661899635
1039,utokyo_1,1e22d314-5cc8-475b-88ca-e0f65a086df5.png,28,28,0.8478371405175754
1040,utokyo_1,06b1a794-af6b-4110-946d-5ca04e0ef8cd.png,33,33,0.9210586895545324
1041,utokyo_1,47b498e8-3951-46e2-aa45-a1c7c7fa0457.png,19,19,0.9842861388858996
1042,utokyo_1,0ea3363f-d916-4a5c-9d0c-63dace67b6f2.png,30,30,0.8807718048493067
1043,utokyo_1,534987ef-34e9-4d9c-af60-4dc8a61888e9.png,41,41,0.8814946151361233
1044,utokyo_1,50155269-1d4a-4f2c-a65b-129c82bba1d7.png,30,30,0.9523363828659057
1045,utokyo_1,7a7d8a59-093a-4718-95c3-30063e1e2550.png,27,27,0.8921205048207883
1046,utokyo_1,7b7e61c2-556d-42d1-90c4-c536cadc4380.png,29,29,0.7754628555528049
1047,utokyo_1,245aeeb9-10bb-41d9-9b22-2ab8c9619861.png,33,33,0.8194860332843029
1048,utokyo_1,3173c325-de27-40e4-a57f-837b0141fdbe.png,23,23,0.8819824552173913
1049,utokyo_1,6c11ff0e-19b5-41f6-bd94-0d70ba98114f.png,35,35,0.8420794729675566
1050,utokyo_1,f028967f-c4a4-40cf-90d8-4763a4c30cbe.png,27,27,0.8000986680940345
1051,utokyo_1,defed50c-2fb4-4fef-9cbe-b1e03fe49b3d.png,38,38,0.8240251152923233
1052,utokyo_1,db8f4692-d30d-4af6-8980-1eafaa367ce8.png,35,35,0.8218823532973017
1053,utokyo_1,d76a2ff9-83c3-4bba-90ce-db895a2511dc.png,39,39,0.7569594299181913
1054,utokyo_1,d7010a7d-32d3-46f1-8519-624e5a9baf51.png,15,15,0.891293532649676
1055,utokyo_1,d07a70d8-fb93-4a65-9a33-16470777cca4.png,31,31,0.8594691839910322
1056,utokyo_1,b93b62c8-a6c7-4778-8ce4-026af5872f69.png,26,26,0.819269176859122
1057,utokyo_1,a965ff9d-f118-4c7c-be03-1b8831149a61.png,33,33,0.9159919682777289
1058,utokyo_1,9bb8f3b6-05fe-4828-8f5f-12ff24f4aa99.png,28,28,0.902513109679733
1059,utokyo_1,997b8303-8598-4114-b0ea-3f5579e51859.png,35,35,0.8281208172440528
1060,utokyo_1,89d108e7-06de-407f-adaf-05b05662a646.png,30,30,0.9078172159691652
1061,utokyo_1,83e0d5d0-7c4c-455a-812c-744e12c05b76.png,40,40,0.8971554268151521
1062,utokyo_1,68fe976e-27ea-4418-97f7-16760bb95442.png,21,21,0.8860415518283844
1063,utokyo_1,142ccdaa-658d-4d14-aaf3-16664dc2d1f2.png,27,27,0.8279342651367188
1064,utokyo_1,701b9a83-8495-422b-910b-22e2da08ff2b.png,37,37,0.8742358543582864
1065,utokyo_1,7439b09c-58a2-4776-a66c-c531fe474b5c.png,31,31,0.9054811164256065
1066,utokyo_1,108af0c9-fc4c-4d8c-b632-a1b0546db915.png,29,29,0.9130991389011515
1067,utokyo_1,0b19e18b-57bc-42a2-a88a-85f58aad48ea.png,33,33,0.9010109549218958
1068,utokyo_1,35fa5fe6-7695-406a-818f-f0b6d5b5c507.png,30,30,0.9571631828943888
1069,utokyo_1,054d1a44-a2b3-4913-a7e2-099d8cada81e.png,24,24,0.902397893058757
1070,utokyo_1,18300f63-6d73-4b39-97fe-c570916ec2c8.png,34,34,0.8790280889062321
1071,utokyo_1,008e19f3-75b3-4333-be08-8923a93ed375.png,37,37,0.939071923494339
1072,utokyo_1,7db89236-9fca-4527-a210-8bfe064efc31.png,29,29,0.8361622948071052
1073,utokyo_1,7d14b100-1f85-4099-8ba2-d3c51df4f6af.png,28,28,0.9274598857142857
1074,utokyo_1,77a40453-4cc2-4c04-878f-95248c2b35de.png,28,28,0.898395581969193
1075,utokyo_1,1fce75a0-0ef1-4452-93bc-083fd355f9e9.png,24,24,0.8645157205561796
1076,utokyo_1,1cebbbd6-c126-4718-aebc-b5a14eecc375.png,32,32,0.8751918473280966
1077,utokyo_1,45408b49-003b-44a3-a66c-0ebf81c671b8.png,31,31,0.9119616059526321
1078,utokyo_1,7a4df15a-f630-447f-8690-4091893d3d0a.png,29,29,0.9109717864414741
1079,utokyo_1,d8baf01d-2408-45e1-a7a8-057932944feb.png,33,33,0.8249242676026893
1080,utokyo_1,9ebfefd7-b1cc-4e9a-9d77-dcd4fe8357af.png,27,27,0.8655308369133208
1081,utokyo_1,4d6ba304-91dd-41e3-94d3-dba4f35c6bd9.png,32,32,0.7555035026744008
1082,utokyo_1,3e23a14d-81b1-4255-8b91-c831a07913c9.png,24,24,0.8974389210343361
1083,utokyo_1,6aef6700-582c-40b4-bcd8-c8ffcd55edf9.png,37,37,0.9522715098149067
1084,utokyo_1,9f8d419f-0528-4c43-a2f6-5bfe43ecff14.png,32,32,0.8329345788806677
1085,utokyo_1,0fb6158a-5144-406e-a187-7341b25448ae.png,32,32,0.787700685299933
1086,utokyo_1,cfb945a7-5632-4342-a2b0-18f07dba8bd0.png,34,34,0.9302160021136788
1087,utokyo_1,8718c30a-b93e-4952-acc4-d4a1eb081b6f.png,13,13,0.652155713393138
1088,utokyo_1,2fc96867-a442-4e69-9e99-aaf32ad1cd2c.png,31,31,0.9363077643417543
1089,utokyo_1,06dc0bf7-4a3b-40ac-9bdb-3d17d309c0ae.png,28,28,0.8598195011062282
1090,utokyo_1,60dceefd-0818-4c1f-9a05-98ee4a8a6669.png,45,45,0.8870378269089593
1091,utokyo_1,49b5c3a9-791c-4350-b834-845c0e7798c7.png,32,32,0.9102716390043497
1092,utokyo_1,c03aa13a-8b57-4165-9817-4dfa5ff5914f.png,27,27,0.9082813354002105
1093,utokyo_1,76d47bb0-764a-4938-9f48-7e7cc43afe8b.png,13,13,0.8131101761872952
1094,utokyo_1,7f242bb0-e203-48bf-b385-36cdcb763c4a.png,19,19,0.7833787422431143
1095,utokyo_1,6fb5082c-4342-4d96-bedd-09c1b7cd7e43.png,26,26,0.948252817759147
1096,utokyo_1,02de4b0f-ee2c-41cb-91e6-95450adc9f5a.png,29,29,0.908939281414295
1097,utokyo_1,dc1d8512-2b5e-44bb-8348-441e56b398ea.png,28,28,0.8606632205524615
1098,utokyo_1,d91c92ad-7e4b-40f4-ac40-0c6c685e46c1.png,37,37,0.858397318100607
1099,utokyo_1,8b17935f-fb05-40b1-b988-2981e0f5fea3.png,36,36,0.8700379516101546
1100,utokyo_1,5591d919-2986-4fd7-815e-22da2dbb7e3e.png,37,37,0.9069008078124072
1101,utokyo_1,14480abd-3037-4f17-be1f-41acee87ceb4.png,31,31,0.886196480162682
1102,utokyo_1,9bd9a7b4-eec9-4e4b-8021-5503e81fce5d.png,32,32,0.8185178898274899
1103,utokyo_1,bb7cae13-705c-4880-8a11-b6eaad379d54.png,33,33,0.9291225698861209
1104,utokyo_1,752fc95d-9146-40e8-b2f5-4611fb82e6ed.png,23,23,0.929245571727338
1105,utokyo_1,f557f6b1-73d7-423f-bdff-9fe92f97ef07.png,36,36,0.9099931911461883
1106,utokyo_1,d7901d99-54a7-4a81-94e1-e88925be58d8.png,32,32,0.9287396850995719
1107,utokyo_1,a7bb8464-1f43-4c2d-9585-5dc41581aeed.png,26,26,0.9010386128838246
1108,utokyo_1,c219879e-1d82-4937-bcd2-f1309b2c62c0.png,30,30,0.9551401416460673
1109,utokyo_1,f36c02ad-3eea-47fe-ba75-7150bb0b188a.png,33,33,0.7951960875229402
1110,utokyo_1,c797c18f-716d-478c-9039-a9d6f4b1d115.png,33,33,0.9264026559663542
1111,utokyo_1,ab44df5f-8a91-43ad-aedb-f813d4909359.png,29,29,0.8793921311353815
1112,utokyo_1,3062e153-479c-4ba3-a0a4-ae7af87510ed.png,26,26,0.9354486442529238
1113,utokyo_1,ed6b50a3-1dd1-47cf-9053-a13a92eae2b3.png,28,28,0.9342263378202915
1114,utokyo_1,4a9906c1-42e8-4230-ab4e-125ec62cc8e7.png,33,33,0.8695642519177813
1115,utokyo_1,b2202773-f9d1-4c3a-8627-7bd2a7660934.png,32,32,0.8564043752849102
1116,utokyo_1,0a43f0b0-c907-4ff3-8911-9f863cc4efa6.png,30,30,0.9173824310302734
1117,utokyo_1,96cee586-4b36-464c-90e7-2f7ae3caddbe.png,29,29,0.9310691253892307
1118,utokyo_1,99e35b9c-b450-40be-a59b-061a8b44d565.png,28,28,0.9188253645386014
1119,utokyo_1,4cb06e1f-a6a5-4430-9bdd-ac9bd8656747.png,29,29,0.897294392873501
1120,utokyo_1,1de99a17-9c35-40b4-b0a3-2220caf92525.png,24,24,0.8816443104296923
1121,utokyo_1,fca1ebd8-183b-4d7d-8123-464c3097d0ee.png,29,29,0.8971521232662529
1122,utokyo_1,3d05da31-7ef2-48c7-b7dc-1b956b3e6d84.png,40,40,0.8530265968292952
1123,utokyo_1,067e17e4-b8b0-45c2-be1b-3f304d86a6e7.png,39,39,0.8516363614262679
1124,utokyo_1,bc5447a9-ec89-450c-b8f9-5c497803febb.png,17,17,0.9548200123450336
1125,utokyo_1,0105c935-a7cb-4ce1-ad29-1836ee9e441a.png,31,31,0.9059169162665645
1126,utokyo_1,c4736e1d-0991-4dbb-8106-6bb7800e8e0a.png,40,40,0.8560945823788643
1127,utokyo_1,e5a364b8-37bc-4767-82cf-2bcce442b897.png,18,18,0.9066754695441988
1128,utokyo_1,0654cec1-04be-4260-82cf-218e767006be.png,43,43,0.9022764556629713
1129,utokyo_1,8b2677ea-36a3-4ab4-a1e1-4e9e584a8f0b.png,23,23,0.9500231127376142
1130,utokyo_1,cf962862-4bfe-4c65-99a5-600db657f1a0.png,28,28,0.8849148542753288
1131,utokyo_1,ae52b3e6-966a-460e-822c-4b403e39fa63.png,25,25,0.8485620105266571
1132,utokyo_1,7e8d4cd8-546b-4d28-b3bf-40b98d3f6c58.png,35,35,0.833761745265552
1133,utokyo_1,c4e84b57-5c8d-4231-8a22-dbad65a2d439.png,31,31,0.8946920844816393
1134,utokyo_1,59b8309b-70f5-4b2c-8fca-5b96f1b174aa.png,25,25,0.8519609844684601
1135,utokyo_1,a473592c-125c-47a6-ae3e-9e4794fc35ce.png,34,34,0.9072241206817767
1136,utokyo_1,982467c3-c1a7-4a21-a31b-6cffbad8042d.png,42,42,0.8704984337091446
1137,utokyo_1,616d4239-2287-439d-ac9a-aa692e8c798d.png,21,21,0.9540945972715106
1138,utokyo_1,9983bb09-6cdd-4825-9291-cf6602d01f54.png,15,15,0.8394995937744777
1139,utokyo_1,ddb21591-bd06-4073-8045-896754b9f916.png,33,33,0.8092689622532238
1140,utokyo_1,a8bea258-e63a-4604-ad1c-91050f9b4766.png,32,32,0.8178381389006972
1141,utokyo_1,a5a097ab-756d-4af9-a173-77f4dc2ec60c.png,20,20,0.8354680389165878
1142,utokyo_1,c7f30957-f1df-41d3-ba9d-02529cd29e4e.png,35,35,0.9190544881990977
1143,utokyo_1,3e39b355-32ab-4aa5-9125-2087dcc7f474.png,27,27,0.9585170127727367
1144,utokyo_1,cbc6bbb8-8d5c-4cda-9739-5e284f8be928.png,20,20,0.9768750369548798
1145,utokyo_1,4e8e420d-e1fb-439c-b91b-8dc7d15fc316.png,36,36,0.9268041542834706
1146,utokyo_1,3575caad-64ad-4440-80a2-c45003f3e53a.png,24,24,0.9224748909473419
1147,utokyo_1,65472ce2-212f-4e41-a990-6007a9b4c7a3.png,25,25,0.872633997797966
1148,utokyo_1,b94a8ba4-187e-47f3-98ef-2f70a6c3bdcf.png,23,23,0.8882616687080135
1149,utokyo_1,9b90e908-24a2-40fc-a36e-39e794da3cc9.png,26,26,0.7822921562653321
1150,utokyo_1,7140d7d9-91c0-4622-8a29-0f47b99dbe53.png,34,34,0.9530404446756139
1151,utokyo_1,6a7d0546-9dfd-4047-9446-602908cf6580.png,27,27,0.84137991539858
1152,utokyo_1,2481d905-5370-41da-87f8-370429e04742.png,32,32,0.8583867033012211
1153,utokyo_1,d192bb8c-7813-4228-b5d5-a9edfeeaadb8.png,23,23,0.8816684562227001
1154,utokyo_1,4a055c9f-a8a2-43f5-a922-4da3e389744d.png,33,33,0.9131349794792406
1155,utokyo_1,05a223b0-a7e8-44c4-89c1-605acf6a0e91.png,21,21,0.8086534596624828
1156,utokyo_1,5564fb00-8eed-4457-a9ee-237a95d585f0.png,36,36,0.9301852538353867
1157,utokyo_1,dc5421df-4bbd-4794-8043-a5a7d5baf80b.png,15,15,0.9202399253845215
1158,utokyo_1,c4d02604-ebe5-4b78-9907-7d598ae5f1bf.png,35,35,0.8898717139022692
1159,utokyo_1,41d366a6-5a45-4b85-b246-af064078aff7.png,21,21,0.9339774080685207
1160,utokyo_1,0ac2c8af-0f95-4908-8828-51bce0d37ae5.png,28,28,0.9256975523063115
1161,utokyo_1,403022fb-7662-4f3a-917c-70c42126bd91.png,20,20,0.9975278943777084
1162,utokyo_1,4046328e-c348-49ab-9dc7-0548e26da28a.png,32,32,0.8134454027749598
1163,utokyo_1,98855e62-4a20-4516-b85f-c8f0ca1aeeb4.png,34,34,0.8825494673322228
1164,utokyo_1,8aba8ec8-6f73-417d-98fd-61f34f6bb0f5.png,33,33,0.8941483149925867
1165,utokyo_1,72fac75e-6ca4-4c74-9213-983d3d1ffe54.png,27,27,0.8789116776099911
1166,utokyo_1,99d3a25d-6e43-4d43-a107-76763eef4939.png,21,21,0.8894953706434795
1167,utokyo_1,50c8fcfd-02aa-4682-8d93-1d0a9112ef77.png,28,28,0.9341043052928788
1168,utokyo_1,960e8028-a857-495e-a1c7-061b530a9e41.png,43,43,0.8600643124691275
1169,utokyo_1,cf2354e9-79d1-4226-928f-5e24814e9f93.png,21,21,0.9185689219406673
1170,utokyo_1,169ace41-ca7d-4576-bf05-07fbf0974cfe.png,25,25,0.9049674010276795
1171,utokyo_1,d8be4e65-b0ef-469b-93a8-25c73a9edc51.png,33,33,0.8746722358645815
1172,utokyo_1,5618bbe8-4aef-4667-b576-bcec0769dc1e.png,27,27,0.7988521533983725
1173,utokyo_1,3d131f7a-30a4-4c1e-b484-87d79ff13a06.png,38,38,0.8713605258809892
1174,utokyo_1,e16b024a-ecbe-4444-950c-8bf268c6dfe9.png,41,41,0.9141308410865504
1175,utokyo_1,c572e487-659c-40ee-a377-f8b88ec38cce.png,30,30,0.8240352287888527
1176,utokyo_1,c4abaccb-89ef-40c2-9e0e-78180250c675.png,28,28,0.8461806417857142
1177,utokyo_1,9348c39c-b7d4-4a4c-bbf7-1f2b425aba9a.png,17,17,0.8460805407341789
1178,utokyo_1,76db0b0d-b72f-4854-aba3-9c5d6b6e35d5.png,31,31,0.8882028715264413
1179,utokyo_1,e01987eb-ac7a-4958-8ce6-98eb554be3cf.png,36,36,0.92500204882688
1180,utokyo_1,3511a111-23ed-4bf1-9558-deed9877cc2c.png,19,19,0.9339617835847955
1181,utokyo_1,0bd71b05-0f8c-43f7-84c5-6033b0885141.png,26,26,0.9488931596279144
1182,utokyo_1,59ca9e8c-2a87-4985-99b1-5c23fea6da1d.png,32,32,0.8675260180607438
1183,utokyo_1,bee79f2d-eb14-42d4-bf7b-63593be455db.png,36,36,0.8430881895538833
1184,utokyo_1,a909add4-b569-49d8-8226-98409c2cf7ec.png,19,19,0.8518726825714111
1185,utokyo_1,18d06fe4-70bb-4be1-844d-b2b27a62985d.png,34,34,0.8374477563535466
1186,utokyo_1,82b23c18-f25c-437b-9364-4608bdc62eab.png,43,43,0.8185663302970487
1187,utokyo_1,dcb261f0-2de4-475a-a612-9dd5c6fbf26c.png,47,47,0.8466896531914894
1188,utokyo_1,424fa931-d3ff-4305-9f5c-a591a6a002cf.png,22,22,0.9150021211667494
1189,utokyo_1,78176d57-6ead-4ef9-b134-6d88d076eb3c.png,34,34,0.8746040367028293
1190,utokyo_1,ce8b8b93-a73a-4fa0-8a11-3287e6e55bf0.png,35,35,0.9028942431722369
1191,utokyo_1,46b82b2a-1fec-4085-9974-315af17ab8db.png,36,36,0.8691521204180188
1192,utokyo_1,48a50ba3-2060-4f09-b46b-884d576afc88.png,45,45,0.8670181867149142
1193,utokyo_1,2bfc7fd7-2a8e-4505-a4f5-a12e3a5b3436.png,44,44,0.8679437102241949
1194,utokyo_1,2ca6be6b-c46e-4d3c-89e3-cf1ee111b666.png,44,44,0.8428744643249295
1195,utokyo_1,45c78c34-31b1-4a75-b4b7-d61c2ccc2a02.png,33,33,0.918103245623184
1196,utokyo_1,00b7ccc6-e766-41a7-a7c7-a33d026f3831.png,32,32,0.92569874599576
1197,utokyo_1,ae2bc096-27df-482d-978b-c57f42f7d980.png,30,30,0.9323607206344604
1198,utokyo_1,0b3e5723-a2cc-4610-90c4-ff4d72868bbc.png,36,36,0.8010679037777778
1199,utokyo_1,53467590-9925-42ea-9819-a1041313aed2.png,27,27,0.9353536870370371
1200,utokyo_1,c1dc36f8-0f7d-4ae8-9529-6514ae182967.png,35,35,0.9125105447002819
1201,utokyo_1,a53e4cba-9ece-4e97-8dcf-9f2ebe4b3129.png,45,45,0.8673661298222012
1202,utokyo_1,19bade4a-12a3-4ac1-a5f0-00ea2c3c07a5.png,32,32,0.8299882868304849
1203,utokyo_1,eda04d77-1c9e-424c-af78-e30572b2f796.png,38,38,0.8844977517269159
1204,utokyo_1,f5e48205-c9db-4ae7-b214-69c697df82e3.png,21,21,0.9868653161185128
1205,utokyo_1,21240db1-d106-4207-9f20-cd09ea124731.png,39,39,0.8311328765673515
1206,utokyo_1,77de3c61-418e-49b9-a2a7-94e02138a222.png,32,32,0.8970788633450866
1207,utokyo_1,62b27667-495e-4100-82e2-453449125529.png,23,23,0.8522494059541951
1208,utokyo_1,8f62f45c-22ab-4fe4-b21b-522130d3b136.png,17,17,0.8230662293293897
1209,utokyo_1,1b62e72a-b206-4dc3-aa0c-3df5a4150947.png,37,37,0.8609391515319412
1210,utokyo_1,ea417839-91cd-4ca8-908f-63f5622ebf38.png,44,44,0.7842435284771703
1211,utokyo_1,9df89830-0d2c-463c-8f0c-9b5cfb0ac071.png,28,28,0.8643138440591949
1212,utokyo_1,6f3e9138-e617-47dd-92e9-406dd16a3e7a.png,26,26,0.8550788808900577
1213,utokyo_1,cac92c25-dacb-4b55-9738-60679143ddf9.png,29,29,0.8507768429558853
1214,utokyo_1,2877067f-8169-4508-ba53-e2d92c1ea081.png,46,46,0.8248423733141111
1215,utokyo_1,008e4139-e156-46ed-809e-2474039c5187.png,39,39,0.8308971516596966
1216,utokyo_1,37a912a0-9c67-4225-aa66-2827472a69ca.png,25,25,0.9279684972763061
1217,utokyo_1,44b1a3de-7f1b-41d3-a279-17144b8f2d88.png,39,39,0.8864234229310964
1218,utokyo_1,a19fb874-afe8-441c-b8ff-bbd31ce5fe49.png,23,23,0.7815909560607828
1219,utokyo_1,0f1972ed-d52f-4b4c-bf04-61d2647af537.png,42,42,0.8439266688766933
1220,utokyo_1,c9bf321c-5dbd-4874-afb6-b1300bbdcad1.png,35,35,0.8645586024863379
1221,utokyo_1,a070e553-f58c-49c7-93ff-a8eac72ba69b.png,34,34,0.7921681018436656
1222,utokyo_1,2cfa8238-c656-470d-9237-6d7a5de91d09.png,32,32,0.9279569061473012
1223,utokyo_1,ba53125e-87a6-465d-8f8e-64757fb3de7d.png,47,47,0.8097975644025397
1224,utokyo_1,9f89bca4-4ec5-4002-a98e-47714f7ae41f.png,39,39,0.8127198414160655
1225,utokyo_1,41610c6b-7a1b-41ef-a593-a18b2b657f40.png,30,30,0.8440262998143832
1226,utokyo_1,5d53e401-9ce6-4966-bf0c-34cdb2cad41a.png,34,34,0.7914049903697827
1227,utokyo_1,8858631f-454e-41f3-a3be-aab5612b6129.png,37,37,0.8537281514019579
1228,utokyo_1,bc469475-1d18-4407-922f-13eb4c343a24.png,43,43,0.9154001027345657
1229,utokyo_1,e9068408-8f5a-4515-821d-ae244affa54c.png,32,32,0.9474590569734573
1230,utokyo_1,f55a4846-42cd-468e-a876-5640ccd43bc4.png,37,37,0.8548094995118476
1231,utokyo_1,ffcd37cf-f7a0-4bfe-ba26-cd40788eda90.png,24,24,0.9193299810091654
1232,utokyo_1,ffc5f46d-deba-4c08-ac5c-f25b92e276fb.png,29,29,0.8043182515378656
1233,utokyo_1,8fd792c5-1b1a-4f70-92b5-dc7937fe6345.png,32,32,0.9293809989467263
1234,utokyo_1,d600e477-bffb-4254-8930-9024a1e3f01a.png,32,32,0.8435806129127741
1235,utokyo_1,56c33194-19fb-4b04-a338-bccfa95f4a84.png,31,31,0.7864955264714456
1236,utokyo_1,e4e18e35-22e0-4569-9f5f-4f25bb06f886.png,21,21,0.9661828364644732
1237,utokyo_1,e34083c5-2917-4030-a232-aac12380b628.png,37,37,0.8857096413502822
1238,utokyo_1,d2623a81-f9d4-4b1f-87db-7022d4120b0a.png,19,19,0.834593528979703
1239,utokyo_1,ffcdef0d-70c8-4b14-b972-42679be92edf.png,32,32,0.8091772273182869
1240,utokyo_1,ff76bca5-0c79-4740-836e-f014c9c2c01d.png,32,32,0.7820476833730936
1241,utokyo_1,fe25f8b5-dcff-4fcd-ad47-981efb8730e0.png,26,26,0.9235710283884635
1242,utokyo_1,9ec46d64-4b29-4ffc-9d32-ba9a9270d841.png,21,21,0.9010210420404162
1243,utokyo_1,5693726d-a057-42a5-8130-38309d86c6d3.png,24,24,0.915137492120266
1244,nau_1,d0f4bb93-20d5-4269-972f-fbd5e9604b2d.png,74,74,0.6234250585171016
1245,nau_1,e53018e4-2d17-4574-9c46-0619d83ecaa0.png,51,51,0.5168006190774488
1246,nau_1,32aa6056-9afd-4ef7-bc02-1defb76c20a6.png,58,58,0.5546255323650509
1247,nau_1,f675fbd1-48dc-4e3d-9b95-1d4109bb5d3c.png,51,51,0.6088576213109727
1248,nau_1,16ce8841-b20b-49ab-adc2-9b6ba6c49258.png,71,71,0.6353157470133942
1249,nau_1,250555ae-4454-4593-8295-e37f81a8c5e0.png,18,18,0.5631967046194606
1250,nau_1,60046374-cd04-4a08-a161-fbe6891d56ff.png,72,72,0.5614365302026272
1251,nau_1,8d4b3d97-9d2b-40ed-8087-b9d04a51a45c.png,110,110,0.5997115450826558
1252,nau_1,926a5f46-b53b-4738-b09e-7cda87299bd2.png,59,59,0.5875561359827801
1253,nau_1,98d181b8-501d-40de-ade8-2a340635bf83.png,97,97,0.5627130960527155
1254,nau_1,99137d52-3e09-4c9f-a674-d3cd2b24beaf.png,56,56,0.562639440143747
1255,nau_1,99a10ec1-de13-4c9e-8f1a-89a6c2002392.png,44,44,0.6298096635463563
1256,nau_1,a5be3ff0-c51c-4841-a43e-8a1fb9cfc153.png,40,40,0.5740311961621046
1257,nau_1,c6e83768-9877-492d-882a-33fdde62692a.png,75,75,0.5962588297327359
1258,nau_1,f54eb63c-e8ed-41b2-b3fd-21628f483a8f.png,76,76,0.5314513656457788
1259,nau_1,4e43bb3b-644d-433e-b489-82f7fb636f51.png,97,97,0.49186516099983885
1260,nau_1,6e21cf0a-e78e-402a-843b-9a3cc8f16d56.png,88,88,0.5131692315705798
1261,nau_1,15aa4123-85ee-47f0-995d-422cda247d3d.png,66,66,0.6117044859989123
1262,nau_1,f7b83ec4-bbe1-4c34-900d-75e0b2b9c533.png,43,43,0.5481378952431124
1263,nau_1,ac2873a5-3048-47ad-a47e-a850bad567da.png,66,66,0.5602705283372691
